Timestamp; Position; ID
0;(0.00000000, 0.00000000, 0.00000000);0
0.02;(0.00000000, 0.00000000, 0.00000000);1
0.04;(0.00000000, 0.00000000, 0.00000000);2
0.06;(0.00000000, 0.00000000, 0.00000000);3
0.08;(0.00000000, 0.00000000, 0.00000000);4
0.09999999;(0.00000000, 0.00000000, 0.00000000);5
0.12;(0.00000000, 0.00000000, 0.00000000);6
0.14;(-0.03108934, 1.20899200, -0.00727885);7
0.16;(-0.03014521, 1.20891200, -0.00731790);8
0.18;(-0.02931024, 1.20857400, -0.00724022);9
0.2;(-0.02848562, 1.20827000, -0.00739312);10
0.22;(-0.02752630, 1.20808300, -0.00750318);11
0.24;(-0.02616864, 1.20758200, -0.00764064);12
0.26;(-0.02473459, 1.20779500, -0.00748908);13
0.28;(-0.02332952, 1.20783600, -0.00767971);14
0.3;(-0.02186253, 1.20861700, -0.00774013);15
0.32;(-0.02119439, 1.20891300, -0.00748931);16
0.34;(-0.01986198, 1.20963400, -0.00719021);17
0.36;(-0.01843722, 1.21039400, -0.00686324);18
0.38;(-0.01717599, 1.21115200, -0.00656724);19
0.4;(-0.01586534, 1.21193600, -0.00629043);20
0.42;(-0.01513439, 1.21229600, -0.00609736);21
0.44;(-0.01382957, 1.21300400, -0.00569078);22
0.46;(-0.01262977, 1.21361800, -0.00513967);23
0.48;(-0.01154489, 1.21410500, -0.00456314);24
0.5;(-0.01054100, 1.21434700, -0.00399444);25
0.52;(-0.00999514, 1.21428000, -0.00372158);26
0.54;(-0.00912485, 1.21409100, -0.00315411);27
0.56;(-0.00841946, 1.21387000, -0.00249134);28
0.58;(-0.00782559, 1.21353700, -0.00170317);29
0.6;(-0.00740782, 1.21305600, -0.00075916);30
0.62;(-0.00726462, 1.21277200, -0.00027996);31
0.64;(-0.00703658, 1.21199000, 0.00077449);32
0.66;(-0.00707525, 1.21103600, 0.00188281);33
0.68;(-0.00714154, 1.20983800, 0.00301073);34
0.7;(-0.00747297, 1.20867500, 0.00424596);35
0.72;(-0.00768790, 1.20809400, 0.00497524);36
0.74;(-0.00813750, 1.20703500, 0.00633843);37
0.76;(-0.00853109, 1.20590200, 0.00779030);38
0.78;(-0.00894176, 1.20482200, 0.00931049);39
0.8;(-0.00925180, 1.20414600, 0.01074449);40
0.82;(-0.00940331, 1.20388800, 0.01158289);41
0.84;(-0.00957655, 1.20349200, 0.01310455);42
0.86;(-0.00957714, 1.20320400, 0.01462311);43
0.88;(-0.00926432, 1.20314400, 0.01587957);44
0.9;(-0.00904215, 1.20321700, 0.01649322);45
0.92;(-0.00778626, 1.20381500, 0.01822593);46
0.94;(-0.00723471, 1.20409700, 0.01879612);47
0.96;(-0.00546071, 1.20481300, 0.01980672);48
0.98;(-0.00329530, 1.20579500, 0.02040127);49
1;(-0.00101107, 1.20721300, 0.02057534);50
1.02;(0.00028414, 1.20796400, 0.02055632);51
1.04;(0.00316444, 1.20971900, 0.02021014);52
1.06;(0.00683354, 1.21169200, 0.01948814);53
1.08;(0.01089608, 1.21333800, 0.01835823);54
1.1;(0.01540510, 1.21474000, 0.01650533);55
1.12;(0.01802500, 1.21535500, 0.01551723);56
1.14;(0.02338988, 1.21668300, 0.01327399);57
1.16;(0.02861217, 1.21751000, 0.01105398);58
1.18;(0.03350975, 1.21779300, 0.00842265);59
1.2;(0.03587437, 1.21772900, 0.00707358);60
1.22;(0.04058722, 1.21718200, 0.00435650);61
1.24;(0.04514799, 1.21667700, 0.00165547);62
1.26;(0.04993408, 1.21611300, -0.00105964);63
1.28;(0.05450851, 1.21531300, -0.00391125);64
1.3;(0.05677659, 1.21468000, -0.00547976);65
1.32;(0.06110146, 1.21355100, -0.00888245);66
1.34;(0.06550474, 1.21221200, -0.01249947);67
1.36;(0.06949710, 1.21087800, -0.01619215);68
1.38;(0.07301957, 1.21040300, -0.01993791);69
1.4;(0.07667569, 1.20955500, -0.02320065);70
1.42;(0.07778575, 1.20984900, -0.02534947);71
1.44;(0.08009632, 1.20955800, -0.02879169);72
1.46;(0.08176763, 1.20903500, -0.03218772);73
1.48;(0.08272228, 1.20874100, -0.03500032);74
1.5;(0.08289322, 1.20857400, -0.03590453);75
1.52;(0.08297358, 1.20853000, -0.03756693);76
1.54;(0.08277130, 1.20891300, -0.03855421);77
1.56;(0.08258521, 1.20978400, -0.03924061);78
1.58;(0.08237837, 1.21081000, -0.03974744);79
1.6;(0.08233736, 1.21119300, -0.03996044);80
1.62;(0.08236551, 1.21201200, -0.04050614);81
1.64;(0.08251494, 1.21292900, -0.04135571);82
1.66;(0.08276910, 1.21336600, -0.04218563);83
1.68;(0.08301903, 1.21357100, -0.04299407);84
1.7;(0.08315695, 1.21367400, -0.04338811);85
1.72;(0.08345715, 1.21378900, -0.04407654);86
1.74;(0.08376625, 1.21376200, -0.04447225);87
1.76;(0.08414600, 1.21364000, -0.04480923);88
1.78;(0.08448381, 1.21337200, -0.04471967);89
1.8;(0.08472412, 1.21308100, -0.04471913);90
1.82;(0.08513444, 1.21260700, -0.04453871);91
1.84;(0.08557824, 1.21168800, -0.04421902);92
1.86;(0.08594626, 1.21064800, -0.04381273);93
1.88;(0.08641221, 1.20966600, -0.04339772);94
1.9;(0.08673226, 1.20914200, -0.04330433);95
1.92;(0.08738072, 1.20806900, -0.04291679);96
1.94;(0.08798429, 1.20685700, -0.04250645);97
1.96;(0.08860350, 1.20554000, -0.04209956);98
1.98;(0.08893746, 1.20494500, -0.04201092);99
2;(0.08952759, 1.20384500, -0.04160412);100
2.02;(0.09005336, 1.20308400, -0.04109472);101
2.04;(0.09036888, 1.20231100, -0.04060995);102
2.06;(0.09057993, 1.20170400, -0.04023038);103
2.08;(0.09083093, 1.20129400, -0.03963913);104
2.1;(0.09094692, 1.20124100, -0.03934735);105
2.12;(0.09118165, 1.20109000, -0.03880715);106
2.14;(0.09139051, 1.20110200, -0.03824957);107
2.16;(0.09169401, 1.20136500, -0.03770635);108
2.18;(0.09210592, 1.20190400, -0.03706612);109
2.2;(0.09232628, 1.20216600, -0.03679100);110
2.22;(0.09262791, 1.20262600, -0.03620168);111
2.24;(0.09284735, 1.20307000, -0.03575443);112
2.26;(0.09305000, 1.20359100, -0.03534297);113
2.28;(0.09311866, 1.20387100, -0.03507573);114
2.3;(0.09324892, 1.20440200, -0.03450416);115
2.32;(0.09321717, 1.20481400, -0.03377070);116
2.34;(0.09328766, 1.20529900, -0.03302233);117
2.36;(0.09334641, 1.20572600, -0.03220055);118
2.38;(0.09336141, 1.20579400, -0.03179266);119
2.4;(0.09322591, 1.20576000, -0.03104720);120
2.42;(0.09305211, 1.20549300, -0.03023411);121
2.44;(0.09298915, 1.20535800, -0.02952992);122
2.46;(0.09296106, 1.20512700, -0.02875570);123
2.48;(0.09297384, 1.20479400, -0.02842847);124
2.5;(0.09280997, 1.20422600, -0.02787721);125
2.52;(0.09271349, 1.20364700, -0.02724047);126
2.54;(0.09263606, 1.20303300, -0.02668851);127
2.56;(0.09258501, 1.20231200, -0.02632968);128
2.58;(0.09252203, 1.20202300, -0.02601006);129
2.6;(0.09250025, 1.20141700, -0.02557192);130
2.62;(0.09252894, 1.20069600, -0.02514986);131
2.64;(0.09251032, 1.19989000, -0.02486224);132
2.66;(0.09251957, 1.19922700, -0.02460377);133
2.68;(0.09264155, 1.19918100, -0.02447858);134
2.7;(0.09288070, 1.19911800, -0.02418396);135
2.72;(0.09298124, 1.19872000, -0.02385931);136
2.74;(0.09314686, 1.19885500, -0.02367354);137
2.76;(0.09331601, 1.19915000, -0.02356302);138
2.78;(0.09338868, 1.19931500, -0.02348989);139
2.8;(0.09356031, 1.19979900, -0.02341844);140
2.82;(0.09376045, 1.20047100, -0.02332077);141
2.84;(0.09392022, 1.20131300, -0.02321972);142
2.86;(0.09395323, 1.20190800, -0.02312597);143
2.88;(0.09398055, 1.20222400, -0.02307150);144
2.9;(0.09404921, 1.20284400, -0.02289517);145
2.92;(0.09414537, 1.20332200, -0.02271170);146
2.94;(0.09422928, 1.20358700, -0.02247109);147
2.96;(0.09433060, 1.20371700, -0.02243218);148
2.98;(0.09449255, 1.20410500, -0.02219054);149
3;(0.09464302, 1.20423500, -0.02190147);150
3.02;(0.09470202, 1.20420600, -0.02164027);151
3.04;(0.09462580, 1.20388500, -0.02136979);152
3.06;(0.09445555, 1.20349500, -0.02104365);153
3.08;(0.09436291, 1.20333100, -0.02083027);154
3.1;(0.09389976, 1.20293500, -0.02016191);155
3.12;(0.09338043, 1.20246700, -0.01930955);156
3.14;(0.09287615, 1.20223100, -0.01845241);157
3.16;(0.09260254, 1.20212500, -0.01790722);158
3.18;(0.09201603, 1.20188200, -0.01685892);159
3.2;(0.09127662, 1.20161300, -0.01567523);160
3.22;(0.09059604, 1.20173700, -0.01456829);161
3.24;(0.09005883, 1.20164700, -0.01345414);162
3.26;(0.08978261, 1.20169100, -0.01310787);163
3.28;(0.08936299, 1.20189000, -0.01229140);164
3.3;(0.08920288, 1.20229500, -0.01156148);165
3.32;(0.08927192, 1.20268800, -0.01111449);166
3.34;(0.08936171, 1.20321800, -0.01070910);167
3.36;(0.08952331, 1.20348500, -0.01049163);168
3.38;(0.08997420, 1.20417200, -0.01024310);169
3.4;(0.09015614, 1.20500300, -0.00999237);170
3.42;(0.09019913, 1.20595100, -0.00955538);171
3.44;(0.09014027, 1.20716900, -0.00891937);172
3.46;(0.08993814, 1.20783400, -0.00843176);173
3.48;(0.08919040, 1.20912000, -0.00754691);174
3.5;(0.08804170, 1.21055200, -0.00639672);175
3.52;(0.08660427, 1.21267900, -0.00498930);176
3.54;(0.08496147, 1.21494800, -0.00309462);177
3.56;(0.08397221, 1.21614500, -0.00202300);178
3.58;(0.08180319, 1.21885200, 0.00018496);179
3.6;(0.07919445, 1.22163000, 0.00260940);180
3.62;(0.07616927, 1.22430900, 0.00522838);181
3.64;(0.07254303, 1.22685500, 0.00818439);182
3.66;(0.07061543, 1.22800000, 0.00956683);183
3.68;(0.06634693, 1.23012800, 0.01240168);184
3.7;(0.06169016, 1.23187900, 0.01521375);185
3.72;(0.05690940, 1.23311200, 0.01782014);186
3.74;(0.05199526, 1.23367800, 0.02007838);187
3.76;(0.04954094, 1.23371100, 0.02097618);188
3.78;(0.04468232, 1.23334600, 0.02244254);189
3.8;(0.03990489, 1.23218000, 0.02323121);190
3.82;(0.03570827, 1.23104800, 0.02361788);191
3.84;(0.03274991, 1.22982800, 0.02359278);192
3.86;(0.03171438, 1.22893700, 0.02346947);193
3.88;(0.02988195, 1.22659100, 0.02314569);194
3.9;(0.02857238, 1.22409900, 0.02241718);195
3.92;(0.02827961, 1.22173500, 0.02147344);196
3.94;(0.02836288, 1.22046800, 0.02109500);197
3.96;(0.02892011, 1.21832200, 0.01979978);198
3.98;(0.02986937, 1.21625900, 0.01844850);199
4;(0.03092317, 1.21466900, 0.01693724);200
4.02;(0.03225319, 1.21379700, 0.01545855);201
4.04;(0.03304001, 1.21353100, 0.01479487);202
4.06;(0.03456661, 1.21322300, 0.01338693);203
4.08;(0.03626157, 1.21360600, 0.01203531);204
4.1;(0.03806893, 1.21447800, 0.01084496);205
4.12;(0.03994608, 1.21587100, 0.00954663);206
4.14;(0.04080141, 1.21670400, 0.00885929);207
4.16;(0.04217963, 1.21869700, 0.00753294);208
4.18;(0.04336871, 1.22079100, 0.00616461);209
4.2;(0.04435776, 1.22303300, 0.00481878);210
4.22;(0.04504532, 1.22541600, 0.00360676);211
4.24;(0.04524155, 1.22663900, 0.00315481);212
4.26;(0.04560651, 1.22893100, 0.00207867);213
4.28;(0.04564810, 1.23089000, 0.00115386);214
4.3;(0.04554393, 1.23271000, 0.00032194);215
4.32;(0.04537165, 1.23426400, -0.00029223);216
4.34;(0.04519497, 1.23484200, -0.00050121);217
4.36;(0.04480492, 1.23548600, -0.00102744);218
4.38;(0.04425873, 1.23566600, -0.00145622);219
4.4;(0.04358429, 1.23534200, -0.00171443);220
4.42;(0.04332594, 1.23497100, -0.00179944);221
4.44;(0.04263360, 1.23392400, -0.00182249);222
4.46;(0.04190414, 1.23237500, -0.00172469);223
4.48;(0.04113957, 1.23048400, -0.00160999);224
4.5;(0.04028651, 1.22840300, -0.00141954);225
4.52;(0.03917115, 1.22603700, -0.00107292);226
4.54;(0.03859571, 1.22485900, -0.00086545);227
4.56;(0.03749822, 1.22238600, -0.00039432);228
4.58;(0.03630268, 1.22016700, 0.00024852);229
4.6;(0.03503261, 1.21816600, 0.00095041);230
4.62;(0.03352799, 1.21603800, 0.00173830);231
4.64;(0.03272516, 1.21500000, 0.00215501);232
4.66;(0.03111131, 1.21356400, 0.00300799);233
4.68;(0.02953266, 1.21269800, 0.00387716);234
4.7;(0.02794100, 1.21220200, 0.00485306);235
4.72;(0.02712372, 1.21216200, 0.00532641);236
4.74;(0.02552156, 1.21221100, 0.00626262);237
4.76;(0.02394059, 1.21281500, 0.00716098);238
4.78;(0.02243995, 1.21401800, 0.00821431);239
4.8;(0.02108736, 1.21579700, 0.00933181);240
4.82;(0.02044457, 1.21675800, 0.00993934);241
4.84;(0.01926358, 1.21885200, 0.01112287);242
4.86;(0.01814900, 1.22097700, 0.01232653);243
4.88;(0.01719414, 1.22336200, 0.01359853);244
4.9;(0.01648132, 1.22594000, 0.01488165);245
4.92;(0.01621795, 1.22722000, 0.01558496);246
4.94;(0.01567752, 1.22981800, 0.01712492);247
4.96;(0.01537516, 1.23212600, 0.01855447);248
4.98;(0.01496151, 1.23415300, 0.02003068);249
5;(0.01466310, 1.23576300, 0.02130098);250
5.02;(0.01450799, 1.23647300, 0.02194001);251
5.04;(0.01409897, 1.23804700, 0.02325137);252
5.06;(0.01370015, 1.23930800, 0.02461559);253
5.08;(0.01328081, 1.23971500, 0.02568568);254
5.1;(0.01301987, 1.23975400, 0.02608809);255
5.12;(0.01244927, 1.23933400, 0.02675820);256
5.14;(0.01177298, 1.23881800, 0.02732112);257
5.16;(0.01099630, 1.23791000, 0.02790456);258
5.18;(0.01022525, 1.23644700, 0.02830418);259
5.2;(0.00933037, 1.23445500, 0.02866069);260
5.22;(0.00885479, 1.23329900, 0.02884060);261
5.24;(0.00796803, 1.23075700, 0.02914739);262
5.26;(0.00714289, 1.22764200, 0.02939009);263
5.28;(0.00631278, 1.22426800, 0.02963586);264
5.3;(0.00563050, 1.22077000, 0.03005076);265
5.32;(0.00533054, 1.21902000, 0.03035909);266
5.34;(0.00471406, 1.21566200, 0.03111798);267
5.36;(0.00407637, 1.21252800, 0.03207543);268
5.38;(0.00367859, 1.20958600, 0.03305501);269
5.4;(0.00334396, 1.20712700, 0.03422397);270
5.42;(0.00311089, 1.20624200, 0.03479426);271
5.44;(0.00276237, 1.20494300, 0.03617289);272
5.46;(0.00246804, 1.20478200, 0.03751477);273
5.48;(0.00216781, 1.20577500, 0.03891439);274
5.5;(0.00180384, 1.20780700, 0.04036888);275
5.52;(0.00166365, 1.20910800, 0.04106449);276
5.54;(0.00145918, 1.21236800, 0.04243913);277
5.56;(0.00123237, 1.21674100, 0.04370163);278
5.58;(0.00089123, 1.22194700, 0.04490978);279
5.6;(0.00070572, 1.22474100, 0.04554564);280
5.62;(0.00044035, 1.23074000, 0.04657787);281
5.64;(0.00020814, 1.23663600, 0.04749467);282
5.66;(-0.00008565, 1.24261600, 0.04819030);283
5.68;(-0.00027256, 1.24841600, 0.04878940);284
5.7;(-0.00043609, 1.25366700, 0.04934864);285
5.72;(-0.00048953, 1.25592500, 0.04956564);286
5.74;(-0.00062514, 1.25987200, 0.05001317);287
5.76;(-0.00084796, 1.26246300, 0.05039347);288
5.78;(-0.00109949, 1.26377000, 0.05079978);289
5.8;(-0.00125699, 1.26399300, 0.05097679);290
5.82;(-0.00163519, 1.26333500, 0.05137484);291
5.84;(-0.00185312, 1.26135800, 0.05172433);292
5.86;(-0.00204087, 1.25778600, 0.05214803);293
5.88;(-0.00203680, 1.25291700, 0.05263745);294
5.9;(-0.00191719, 1.24985100, 0.05288966);295
5.92;(-0.00173816, 1.24344800, 0.05339254);296
5.94;(-0.00144722, 1.23629200, 0.05407368);297
5.96;(-0.00110120, 1.22855300, 0.05489201);298
5.98;(-0.00065579, 1.22036800, 0.05558862);299
6;(-0.00042398, 1.21621200, 0.05583823);300
6.02;(0.00008267, 1.20794200, 0.05633018);301
6.04;(0.00076456, 1.20052100, 0.05672770);302
6.06;(0.00180429, 1.19418400, 0.05714212);303
6.08;(0.00241670, 1.19155500, 0.05756238);304
6.1;(0.00400708, 1.18555500, 0.05828885);305
6.12;(0.00427863, 1.18449800, 0.05842502);306
6.14;(0.00449257, 1.18383400, 0.05861278);307
6.16;(0.00450071, 1.18506400, 0.05878520);308
6.18;(0.00484494, 1.18468200, 0.05906757);309
6.2;(0.00398605, 1.19055300, 0.05906418);310
6.22;(0.00343292, 1.19581900, 0.05918597);311
6.24;(0.00294307, 1.20212900, 0.05899465);312
6.26;(0.00251516, 1.20909400, 0.05882715);313
6.28;(0.00219291, 1.21645100, 0.05879117);314
6.3;(0.00209089, 1.22015500, 0.05879792);315
6.32;(0.00201726, 1.22735700, 0.05881253);316
6.34;(0.00215311, 1.23378600, 0.05855784);317
6.36;(0.00219437, 1.23904800, 0.05807662);318
6.38;(0.00231230, 1.24138100, 0.05774181);319
6.4;(0.00252561, 1.24482300, 0.05716609);320
6.42;(0.00273750, 1.24705200, 0.05653537);321
6.44;(0.00307396, 1.24767000, 0.05597439);322
6.46;(0.00322848, 1.24683100, 0.05539852);323
6.48;(0.00347837, 1.24416000, 0.05481009);324
6.5;(0.00349248, 1.24233900, 0.05459464);325
6.52;(0.00360999, 1.23763600, 0.05406418);326
6.54;(0.00362850, 1.23159800, 0.05364782);327
6.56;(0.00362620, 1.22506600, 0.05324965);328
6.58;(0.00349562, 1.21775900, 0.05319509);329
6.6;(0.00336625, 1.21400300, 0.05314874);330
6.62;(0.00312022, 1.20637700, 0.05315172);331
6.64;(0.00289246, 1.19908800, 0.05331999);332
6.66;(0.00257747, 1.19267600, 0.05351657);333
6.68;(0.00244182, 1.18987700, 0.05377546);334
6.7;(0.00216243, 1.18535800, 0.05432364);335
6.72;(0.00186370, 1.18275900, 0.05507752);336
6.74;(0.00155431, 1.18269100, 0.05600810);337
6.76;(0.00124725, 1.18452000, 0.05676083);338
6.78;(0.00114328, 1.18621600, 0.05719580);339
6.8;(0.00079749, 1.19099900, 0.05798194);340
6.82;(0.00045937, 1.19778600, 0.05875181);341
6.84;(0.00015303, 1.20596100, 0.05958468);342
6.86;(-0.00018454, 1.21471900, 0.06025077);343
6.88;(-0.00044328, 1.21924600, 0.06055734);344
6.9;(-0.00082812, 1.22833900, 0.06094362);345
6.92;(-0.00134724, 1.23719300, 0.06131532);346
6.94;(-0.00188699, 1.24545800, 0.06150370);347
6.96;(-0.00243209, 1.25287900, 0.06170430);348
6.98;(-0.00262136, 1.25608600, 0.06174703);349
7;(-0.00301227, 1.26108600, 0.06190744);350
7.02;(-0.00335093, 1.26451900, 0.06192847);351
7.04;(-0.00373184, 1.26578700, 0.06195305);352
7.06;(-0.00392636, 1.26525200, 0.06205402);353
7.08;(-0.00394445, 1.26408100, 0.06214602);354
7.1;(-0.00410952, 1.26421600, 0.06221742);355
7.12;(-0.00348306, 1.25578000, 0.06279325);356
7.14;(-0.00301736, 1.24924800, 0.06307811);357
7.16;(-0.00248408, 1.24137200, 0.06355261);358
7.18;(-0.00205343, 1.23704600, 0.06361549);359
7.2;(-0.00130648, 1.22811700, 0.06367983);360
7.22;(-0.00050642, 1.21896600, 0.06343378);361
7.24;(0.00039666, 1.21013200, 0.06296140);362
7.26;(0.00116127, 1.20223500, 0.06232215);363
7.28;(0.00150865, 1.19878100, 0.06195178);364
7.3;(0.00232155, 1.19298700, 0.06127079);365
7.32;(0.00315745, 1.18965900, 0.06063353);366
7.34;(0.00390974, 1.18867800, 0.06028701);367
7.36;(0.00453195, 1.18954100, 0.06019688);368
7.38;(0.00484591, 1.19097300, 0.06016111);369
7.4;(0.00541566, 1.19504100, 0.06027766);370
7.42;(0.00587495, 1.20141800, 0.06059347);371
7.44;(0.00629717, 1.20909800, 0.06105524);372
7.46;(0.00647893, 1.21316300, 0.06126126);373
7.48;(0.00667311, 1.22207600, 0.06180165);374
7.5;(0.00678718, 1.23149700, 0.06205539);375
7.52;(0.00672556, 1.24029400, 0.06198609);376
7.54;(0.00658495, 1.24842100, 0.06170886);377
7.56;(0.00661029, 1.25246200, 0.06145487);378
7.58;(0.00645841, 1.25993700, 0.06090422);379
7.6;(0.00631384, 1.26586900, 0.06010082);380
7.62;(0.00623932, 1.27024200, 0.05896185);381
7.64;(0.00626705, 1.27334900, 0.05761925);382
7.66;(0.00632685, 1.27409200, 0.05702337);383
7.68;(0.00648244, 1.27456200, 0.05566511);384
7.7;(0.00676302, 1.27299700, 0.05437905);385
7.72;(0.00707743, 1.27002100, 0.05314559);386
7.74;(0.00746366, 1.26525100, 0.05209183);387
7.76;(0.00767213, 1.26209700, 0.05167866);388
7.78;(0.00804026, 1.25527800, 0.05080683);389
7.8;(0.00834730, 1.24717500, 0.05006712);390
7.82;(0.00861556, 1.23815000, 0.04927930);391
7.84;(0.00875527, 1.22891300, 0.04862762);392
7.86;(0.00884132, 1.22438700, 0.04844204);393
7.88;(0.00899935, 1.21611200, 0.04815271);394
7.9;(0.00912497, 1.20880100, 0.04798403);395
7.92;(0.00912105, 1.20268700, 0.04768303);396
7.94;(0.00912856, 1.19861400, 0.04755214);397
7.96;(0.00919880, 1.19754800, 0.04739310);398
7.98;(0.00928813, 1.19723500, 0.04749247);399
8;(0.00925033, 1.19942300, 0.04771385);400
8.02;(0.00925626, 1.20387000, 0.04793452);401
8.04;(0.00918276, 1.21014300, 0.04829173);402
8.059999;(0.00910605, 1.21407800, 0.04847412);403
8.08;(0.00901519, 1.22247300, 0.04890972);404
8.099999;(0.00879620, 1.23164700, 0.04942345);405
8.12;(0.00855035, 1.24120500, 0.04993726);406
8.139999;(0.00834347, 1.24587100, 0.05020681);407
8.16;(0.00804925, 1.25470500, 0.05071994);408
8.179999;(0.00767829, 1.26277400, 0.05130302);409
8.2;(0.00728717, 1.26976100, 0.05205668);410
8.22;(0.00693938, 1.27539900, 0.05274788);411
8.24;(0.00676061, 1.27746700, 0.05310736);412
8.26;(0.00641652, 1.28048900, 0.05385485);413
8.28;(0.00617879, 1.28136000, 0.05445045);414
8.3;(0.00595393, 1.28038400, 0.05505189);415
8.32;(0.00590241, 1.27737500, 0.05569258);416
8.34;(0.00582311, 1.27499000, 0.05612037);417
8.36;(0.00584195, 1.26936700, 0.05698702);418
8.38;(0.00593449, 1.26219900, 0.05790634);419
8.4;(0.00604071, 1.25392100, 0.05875843);420
8.42;(0.00610511, 1.24467500, 0.05969897);421
8.44;(0.00618657, 1.23975400, 0.06014554);422
8.46;(0.00634976, 1.22992300, 0.06114622);423
8.48;(0.00656795, 1.22019700, 0.06224222);424
8.5;(0.00673821, 1.21134000, 0.06316507);425
8.52;(0.00691966, 1.20398600, 0.06448181);426
8.54;(0.00705072, 1.20098700, 0.06527672);427
8.559999;(0.00714464, 1.19669800, 0.06656972);428
8.58;(0.00728410, 1.19531900, 0.06825004);429
8.599999;(0.00737719, 1.19656300, 0.07013477);430
8.62;(0.00739646, 1.20040900, 0.07216292);431
8.639999;(0.00744465, 1.20336900, 0.07329334);432
8.66;(0.00749625, 1.21028200, 0.07561452);433
8.679999;(0.00744449, 1.21909700, 0.07784963);434
8.7;(0.00727319, 1.22870900, 0.07988966);435
8.72;(0.00718705, 1.23366200, 0.08087054);436
8.74;(0.00695911, 1.24392800, 0.08275253);437
8.76;(0.00649860, 1.25396200, 0.08440170);438
8.78;(0.00611136, 1.26349500, 0.08583456);439
8.8;(0.00521535, 1.27554000, 0.08754506);440
8.82;(0.00488010, 1.27882700, 0.08790488);441
8.84;(0.00453899, 1.28099400, 0.08817144);442
8.86;(0.00363795, 1.28745300, 0.08898482);443
8.88;(0.00346060, 1.28745400, 0.08908311);444
8.9;(0.00315012, 1.28756500, 0.08939978);445
8.92;(0.00289305, 1.28583600, 0.08950480);446
8.94;(0.00280422, 1.28395400, 0.08964779);447
8.96;(0.00269125, 1.27917600, 0.09006397);448
8.98;(0.00261820, 1.27212100, 0.09068015);449
9;(0.00259015, 1.26355900, 0.09137969);450
9.02;(0.00255910, 1.25375200, 0.09215606);451
9.04;(0.00255097, 1.24845400, 0.09264347);452
9.059999;(0.00250803, 1.23763400, 0.09364521);453
9.08;(0.00246031, 1.22671200, 0.09491983);454
9.099999;(0.00229492, 1.21668900, 0.09628323);455
9.12;(0.00212908, 1.20815500, 0.09765899);456
9.139999;(0.00202342, 1.20442100, 0.09854326);457
9.16;(0.00191880, 1.19814600, 0.09974931);458
9.179999;(0.00180319, 1.19462100, 0.10093990);459
9.2;(0.00169204, 1.19407800, 0.10195530);460
9.22;(0.00150944, 1.19680300, 0.10283780);461
9.24;(0.00146283, 1.19901600, 0.10323470);462
9.26;(0.00136818, 1.20510100, 0.10386730);463
9.28;(0.00132592, 1.21339600, 0.10425810);464
9.3;(0.00128169, 1.22294300, 0.10449380);465
9.32;(0.00100276, 1.23354700, 0.10446600);466
9.34;(0.00085742, 1.23887100, 0.10441550);467
9.36;(0.00049076, 1.24956900, 0.10416850);468
9.38;(0.00004315, 1.25972700, 0.10385060);469
9.4;(-0.00046879, 1.26905500, 0.10333570);470
9.42;(-0.00081290, 1.27319900, 0.10313570);471
9.44;(-0.00124583, 1.28035100, 0.10264210);472
9.46;(-0.00167856, 1.28555400, 0.10210640);473
9.48;(-0.00203925, 1.28863700, 0.10166090);474
9.5;(-0.00236584, 1.28972100, 0.10123660);475
9.52;(-0.00243241, 1.28916500, 0.10115630);476
9.54;(-0.00250908, 1.28662200, 0.10109910);477
9.559999;(-0.00241703, 1.28185400, 0.10120550);478
9.58;(-0.00213445, 1.27523900, 0.10155120);479
9.599999;(-0.00177080, 1.26695500, 0.10209500);480
9.62;(-0.00151553, 1.26216700, 0.10247630);481
9.639999;(-0.00093756, 1.25161700, 0.10332800);482
9.66;(-0.00037766, 1.23994900, 0.10418380);483
9.679999;(0.00038409, 1.22828700, 0.10511970);484
9.7;(0.00119223, 1.21747800, 0.10626830);485
9.719999;(0.00166636, 1.21239600, 0.10679600);486
9.74;(0.00262562, 1.20335000, 0.10808830);487
9.76;(0.00374067, 1.19594600, 0.10920830);488
9.78;(0.00514587, 1.19125200, 0.11021490);489
9.8;(0.00652039, 1.18947800, 0.11110880);490
9.82;(0.00735884, 1.18993700, 0.11147010);491
9.84;(0.00909428, 1.19221400, 0.11193120);492
9.86;(0.01076090, 1.19754200, 0.11201050);493
9.88;(0.01245751, 1.20522100, 0.11181730);494
9.9;(0.01406830, 1.21476100, 0.11124950);495
9.92;(0.01483656, 1.21997300, 0.11084240);496
9.94;(0.01633848, 1.23095600, 0.10971840);497
9.96;(0.01762448, 1.24215500, 0.10840160);498
9.98;(0.01877560, 1.25312400, 0.10684020);499
10;(0.01991066, 1.26321100, 0.10500320);500
10.02;(0.02033500, 1.26777800, 0.10406100);501
10.04;(0.02118590, 1.27599900, 0.10213430);502
10.06;(0.02193007, 1.28248900, 0.10012450);503
10.08;(0.02253422, 1.28677000, 0.09821472);504
10.1;(0.02303689, 1.28884900, 0.09639174);505
10.12;(0.02325447, 1.28915400, 0.09549183);506
10.14;(0.02363464, 1.28786900, 0.09373999);507
10.16;(0.02395401, 1.28424200, 0.09234198);508
10.18;(0.02434609, 1.27851900, 0.09127470);509
10.2;(0.02448189, 1.27063000, 0.09052820);510
10.22;(0.02453167, 1.26566300, 0.09031936);511
10.24;(0.02469880, 1.25542400, 0.09000855);512
10.26;(0.02473658, 1.24374100, 0.09027553);513
10.28;(0.02482702, 1.23133200, 0.09072214);514
10.3;(0.02495915, 1.21889400, 0.09125388);515
10.32;(0.02495966, 1.21292800, 0.09159011);516
10.34;(0.02514942, 1.20194500, 0.09244888);517
10.36;(0.02539617, 1.19374500, 0.09333964);518
10.38;(0.02568059, 1.18784700, 0.09426609);519
10.4;(0.02589492, 1.18488200, 0.09530322);520
10.42;(0.02602085, 1.18518300, 0.09546702);521
10.44;(0.02629141, 1.18780900, 0.09597404);522
10.46;(0.02652295, 1.19395500, 0.09625095);523
10.48;(0.02691253, 1.20330100, 0.09607761);524
10.5;(0.02702555, 1.20877900, 0.09584851);525
10.52;(0.02708259, 1.22046600, 0.09486578);526
10.54;(0.02713719, 1.23352900, 0.09332786);527
10.56;(0.02740396, 1.24757600, 0.09177183);528
10.58;(0.02769888, 1.26132000, 0.09052510);529
10.6;(0.02781421, 1.26765000, 0.08982687);530
10.62;(0.02812502, 1.27884500, 0.08809254);531
10.64;(0.02856015, 1.28785000, 0.08645962);532
10.66;(0.02909444, 1.29432900, 0.08479124);533
10.68;(0.02964889, 1.29844700, 0.08334304);534
10.7;(0.02986714, 1.29961000, 0.08276019);535
10.72;(0.03025802, 1.30012200, 0.08185699);536
10.74;(0.03059970, 1.29809400, 0.08128257);537
10.76;(0.03060947, 1.29331100, 0.08110367);538
10.78;(0.03055474, 1.28581300, 0.08127616);539
10.8;(0.03053468, 1.28104900, 0.08149444);540
10.82;(0.03035044, 1.26993200, 0.08209920);541
10.84;(0.02999750, 1.25683400, 0.08290479);542
10.86;(0.02949737, 1.24294400, 0.08372740);543
10.88;(0.02909921, 1.22870400, 0.08475915);544
10.9;(0.02889643, 1.22192200, 0.08523963);545
10.92;(0.02850188, 1.20898300, 0.08642229);546
10.94;(0.02809153, 1.19742800, 0.08752125);547
10.96;(0.02762261, 1.18792400, 0.08880606);548
10.98;(0.02730576, 1.18209800, 0.08966260);549
11;(0.02720371, 1.18045700, 0.09019563);550
11.02;(0.02727370, 1.17966400, 0.09093191);551
11.04;(0.02751246, 1.18258200, 0.09147406);552
11.06;(0.02774598, 1.18927400, 0.09163719);553
11.08;(0.02792620, 1.19374000, 0.09170771);554
11.1;(0.02813593, 1.20416300, 0.09163251);555
11.12;(0.02855011, 1.21612700, 0.09110895);556
11.14;(0.02891312, 1.22895000, 0.09035053);557
11.16;(0.02932396, 1.24197200, 0.08937918);558
11.18;(0.02957270, 1.24834600, 0.08879327);559
11.2;(0.02985676, 1.26031100, 0.08776448);560
11.22;(0.03022546, 1.27079500, 0.08664552);561
11.24;(0.03058416, 1.27953100, 0.08562583);562
11.26;(0.03073688, 1.28644300, 0.08482330);563
11.28;(0.03084561, 1.28899800, 0.08441447);564
11.3;(0.03080594, 1.29235600, 0.08378835);565
11.32;(0.03077144, 1.29303300, 0.08342408);566
11.34;(0.03061204, 1.29130400, 0.08322944);567
11.36;(0.03055061, 1.29136300, 0.08296848);568
11.38;(0.03033208, 1.28400400, 0.08357124);569
11.4;(0.03004120, 1.27626200, 0.08407954);570
11.42;(0.02970649, 1.26670100, 0.08466019);571
11.44;(0.02922028, 1.25563600, 0.08553490);572
11.46;(0.02861203, 1.24335200, 0.08652680);573
11.48;(0.02824159, 1.23687800, 0.08701546);574
11.5;(0.02750282, 1.22397300, 0.08780837);575
11.52;(0.02666659, 1.21149900, 0.08874045);576
11.54;(0.02585005, 1.20045100, 0.08970328);577
11.56;(0.02504715, 1.19112500, 0.09108874);578
11.58;(0.02449837, 1.18703000, 0.09180448);579
11.6;(0.02363403, 1.18125200, 0.09288553);580
11.62;(0.02290922, 1.17855500, 0.09397613);581
11.64;(0.02231688, 1.17929800, 0.09510452);582
11.66;(0.02188845, 1.18376300, 0.09595766);583
11.68;(0.02175102, 1.18700700, 0.09636694);584
11.7;(0.02145666, 1.19532600, 0.09698592);585
11.72;(0.02121373, 1.20556900, 0.09731970);586
11.74;(0.02094436, 1.21697400, 0.09730747);587
11.76;(0.02071447, 1.22921400, 0.09689832);588
11.78;(0.02058468, 1.23543000, 0.09667249);589
11.8;(0.02036682, 1.24776100, 0.09599659);590
11.82;(0.02000926, 1.25915700, 0.09508443);591
11.84;(0.01965338, 1.26945700, 0.09396835);592
11.86;(0.01921432, 1.27813400, 0.09288587);593
11.88;(0.01905413, 1.28176400, 0.09224573);594
11.9;(0.01861978, 1.28790500, 0.09109659);595
11.92;(0.01841049, 1.29176200, 0.09003828);596
11.94;(0.01825161, 1.29306600, 0.08912180);597
11.96;(0.01813678, 1.29279100, 0.08876218);598
11.98;(0.01794840, 1.29050800, 0.08801843);599
12;(0.01762550, 1.28598600, 0.08763751);600
12.02;(0.01735641, 1.27948600, 0.08759043);601
12.04;(0.01712201, 1.27091100, 0.08808453);602
12.06;(0.01680986, 1.26059000, 0.08880975);603
12.08;(0.01664523, 1.25488600, 0.08920547);604
12.1;(0.01615393, 1.24264900, 0.09005058);605
12.12;(0.01562863, 1.22969600, 0.09119794);606
12.14;(0.01524944, 1.21673800, 0.09220239);607
12.16;(0.01501597, 1.21036600, 0.09283034);608
12.18;(0.01464177, 1.19862400, 0.09431850);609
12.2;(0.01440984, 1.18906600, 0.09589043);610
12.22;(0.01424994, 1.18186300, 0.09760182);611
12.24;(0.01416301, 1.17682700, 0.09920751);612
12.26;(0.01412128, 1.17537300, 0.09991877);613
12.28;(0.01430448, 1.17557700, 0.10124900);614
12.3;(0.01470131, 1.17923900, 0.10274410);615
12.32;(0.01523453, 1.18587100, 0.10397370);616
12.34;(0.01578344, 1.19463500, 0.10489030);617
12.36;(0.01612875, 1.19987100, 0.10510640);618
12.38;(0.01676834, 1.21089600, 0.10545650);619
12.4;(0.01747046, 1.22313900, 0.10546760);620
12.42;(0.01814193, 1.23560500, 0.10536980);621
12.44;(0.01879960, 1.24775600, 0.10503040);622
12.46;(0.01918668, 1.25343100, 0.10475230);623
12.48;(0.01981197, 1.26427000, 0.10419300);624
12.5;(0.02046450, 1.27335500, 0.10355010);625
12.52;(0.02107549, 1.28082800, 0.10271330);626
12.54;(0.02153281, 1.28630600, 0.10192290);627
12.56;(0.02175972, 1.28796600, 0.10159450);628
12.58;(0.02202506, 1.29010000, 0.10077650);629
12.6;(0.02244347, 1.28972700, 0.10028780);630
12.62;(0.02270957, 1.28666900, 0.10010570);631
12.64;(0.02298811, 1.28131300, 0.10025720);632
12.66;(0.02308267, 1.27766000, 0.10049070);633
12.68;(0.02313720, 1.26918500, 0.10111990);634
12.7;(0.02301778, 1.25869900, 0.10214280);635
12.72;(0.02281404, 1.24630600, 0.10325740);636
12.74;(0.02258422, 1.23277000, 0.10441500);637
12.76;(0.02254172, 1.22592300, 0.10506370);638
12.78;(0.02235820, 1.21206000, 0.10681390);639
12.8;(0.02228594, 1.19944000, 0.10867190);640
12.82;(0.02222850, 1.18779800, 0.11042580);641
12.84;(0.02213396, 1.18293400, 0.11117600);642
12.86;(0.02210507, 1.17457100, 0.11269050);643
12.88;(0.02210407, 1.16961300, 0.11417730);644
12.9;(0.02221296, 1.16820800, 0.11559620);645
12.92;(0.02240783, 1.17069300, 0.11678110);646
12.94;(0.02253380, 1.17318300, 0.11723520);647
12.96;(0.02302225, 1.18476500, 0.11771210);648
12.98;(0.02314814, 1.18988100, 0.11756200);649
13;(0.02337071, 1.20192800, 0.11692870);650
13.02;(0.02362280, 1.21523300, 0.11596750);651
13.04;(0.02382798, 1.22896300, 0.11461890);652
13.06;(0.02387189, 1.23571700, 0.11385480);653
13.08;(0.02394505, 1.24880100, 0.11199330);654
13.1;(0.02390835, 1.26087600, 0.11002880);655
13.12;(0.02383507, 1.27104800, 0.10807910);656
13.14;(0.02387128, 1.27543400, 0.10700720);657
13.16;(0.02381102, 1.28279200, 0.10491660);658
13.18;(0.02371388, 1.28762000, 0.10275440);659
13.2;(0.02365150, 1.29013200, 0.10061850);660
13.22;(0.02367866, 1.28971100, 0.09873924);661
13.24;(0.02369693, 1.28860000, 0.09794747);662
13.26;(0.02381071, 1.28456700, 0.09646242);663
13.28;(0.02404959, 1.27796600, 0.09526199);664
13.3;(0.02416102, 1.26890400, 0.09438927);665
13.32;(0.02433927, 1.25757100, 0.09374230);666
13.34;(0.02448504, 1.24442200, 0.09296941);667
13.36;(0.02454734, 1.23723900, 0.09257256);668
13.38;(0.02465899, 1.22212600, 0.09201276);669
13.4;(0.02468155, 1.20668300, 0.09154814);670
13.42;(0.02473992, 1.19192800, 0.09111023);671
13.44;(0.02463520, 1.18522600, 0.09108792);672
13.46;(0.02448928, 1.17436600, 0.09096935);673
13.48;(0.02441052, 1.16623700, 0.09143672);674
13.5;(0.02413062, 1.16220000, 0.09191220);675
13.52;(0.02406870, 1.16038500, 0.09251279);676
13.54;(0.02401658, 1.16131200, 0.09265593);677
13.56;(0.02399447, 1.16496500, 0.09283248);678
13.58;(0.02381076, 1.17151600, 0.09265714);679
13.6;(0.02359772, 1.18070800, 0.09220693);680
13.62;(0.02323347, 1.19238400, 0.09188060);681
13.64;(0.02313938, 1.19873400, 0.09165867);682
13.66;(0.02281322, 1.21173100, 0.09130028);683
13.68;(0.02253683, 1.22464100, 0.09091903);684
13.7;(0.02228870, 1.23673300, 0.09042232);685
13.72;(0.02212578, 1.24758300, 0.08971650);686
13.74;(0.02213223, 1.25220700, 0.08918986);687
13.76;(0.02219347, 1.26056600, 0.08790222);688
13.78;(0.02243824, 1.26689800, 0.08678184);689
13.8;(0.02271933, 1.27106600, 0.08555260);690
13.82;(0.02295035, 1.27209100, 0.08486637);691
13.84;(0.02340682, 1.27284900, 0.08390784);692
13.86;(0.02378589, 1.27138200, 0.08340552);693
13.88;(0.02436435, 1.26764300, 0.08340223);694
13.9;(0.02489161, 1.26136800, 0.08384547);695
13.92;(0.02551026, 1.25285800, 0.08448748);696
13.94;(0.02581012, 1.24755900, 0.08501329);697
13.96;(0.02644905, 1.23663400, 0.08608519);698
13.98;(0.02702487, 1.22466900, 0.08752225);699
14;(0.02753817, 1.21224700, 0.08915651);700
14.02;(0.02792644, 1.19994300, 0.09110332);701
14.04;(0.02818240, 1.19420600, 0.09205905);702
14.06;(0.02845829, 1.18395900, 0.09418190);703
14.08;(0.02874257, 1.17645800, 0.09622274);704
14.1;(0.02894905, 1.17241200, 0.09815510);705
14.12;(0.02909714, 1.17138300, 0.09981076);706
14.14;(0.02911558, 1.17240300, 0.10052270);707
14.16;(0.02909503, 1.17640700, 0.10157080);708
14.18;(0.02903623, 1.18399800, 0.10200800);709
14.2;(0.02886140, 1.19446900, 0.10202960);710
14.22;(0.02876688, 1.20043100, 0.10198340);711
14.24;(0.02833907, 1.21293000, 0.10128110);712
14.26;(0.02779029, 1.22620900, 0.10006950);713
14.28;(0.02703869, 1.23980500, 0.09860186);714
14.3;(0.02662050, 1.24621000, 0.09776530);715
14.32;(0.02525501, 1.26455300, 0.09516682);716
14.34;(0.02480615, 1.26978400, 0.09417428);717
14.36;(0.02384223, 1.27929200, 0.09220256);718
14.38;(0.02279879, 1.28667000, 0.09031634);719
14.4;(0.02170398, 1.29190000, 0.08853300);720
14.42;(0.02111402, 1.29340900, 0.08775853);721
14.44;(0.02003391, 1.29514200, 0.08629884);722
14.46;(0.01889074, 1.29400400, 0.08520991);723
14.48;(0.01781543, 1.29004800, 0.08456571);724
14.5;(0.01677574, 1.28387500, 0.08415980);725
14.52;(0.01577945, 1.27531300, 0.08410664);726
14.54;(0.01529891, 1.27018900, 0.08421642);727
14.56;(0.01441533, 1.25893100, 0.08486870);728
14.58;(0.01354224, 1.24600900, 0.08601462);729
14.6;(0.01270260, 1.23188500, 0.08742580);730
14.62;(0.01228680, 1.22463700, 0.08838186);731
14.64;(0.01168996, 1.21060400, 0.09023196);732
14.66;(0.01115954, 1.19730800, 0.09260160);733
14.68;(0.01046053, 1.18607200, 0.09492870);734
14.7;(0.01009544, 1.18131100, 0.09607048);735
14.72;(0.00943527, 1.17436200, 0.09862988);736
14.74;(0.00883985, 1.17023600, 0.10077650);737
14.76;(0.00835861, 1.16911400, 0.10237780);738
14.78;(0.00812286, 1.17180700, 0.10375740);739
14.8;(0.00812492, 1.17826900, 0.10493890);740
14.82;(0.00825062, 1.18281200, 0.10541750);741
14.84;(0.00840560, 1.19282500, 0.10606650);742
14.86;(0.00887998, 1.20431900, 0.10610630);743
14.88;(0.00947479, 1.21694100, 0.10559840);744
14.9;(0.01037257, 1.22998600, 0.10483980);745
14.92;(0.01078131, 1.23653000, 0.10441040);746
14.94;(0.01181823, 1.24905300, 0.10328910);747
14.96;(0.01278157, 1.26042100, 0.10200660);748
14.98;(0.01382218, 1.27032900, 0.10066270);749
15;(0.01499302, 1.27842200, 0.09910551);750
15.02;(0.01555090, 1.28156700, 0.09831437);751
15.04;(0.01678398, 1.28618800, 0.09680428);752
15.06;(0.01799958, 1.28827000, 0.09536263);753
15.08;(0.01915551, 1.28776900, 0.09411511);754
15.1;(0.02026623, 1.28466100, 0.09307043);755
15.12;(0.02067694, 1.28215600, 0.09271870);756
15.14;(0.02150413, 1.27545300, 0.09216864);757
15.16;(0.02217337, 1.26654400, 0.09197185);758
15.18;(0.02237540, 1.26120400, 0.09200913);759
15.2;(0.02269512, 1.24950500, 0.09213340);760
15.22;(0.02268367, 1.23631700, 0.09254671);761
15.24;(0.02246561, 1.22213200, 0.09323192);762
15.26;(0.02227348, 1.21522600, 0.09363561);763
15.28;(0.02166064, 1.19537400, 0.09512284);764
15.3;(0.02118847, 1.18442800, 0.09649868);765
15.32;(0.02074369, 1.17554900, 0.09759480);766
15.34;(0.02033839, 1.16912000, 0.09849533);767
15.36;(0.02032337, 1.16705300, 0.09887100);768
15.38;(0.02012972, 1.16690200, 0.09968095);769
15.4;(0.02039540, 1.17013600, 0.10052660);770
15.42;(0.02057325, 1.17323700, 0.10086480);771
15.44;(0.02101800, 1.18107400, 0.10116810);772
15.46;(0.02157515, 1.19139400, 0.10118670);773
15.48;(0.02189848, 1.20342000, 0.10092820);774
15.5;(0.02232479, 1.21601000, 0.10022230);775
15.52;(0.02251847, 1.22241700, 0.09978066);776
15.54;(0.02278799, 1.23532600, 0.09873793);777
15.56;(0.02295454, 1.24766900, 0.09771615);778
15.58;(0.02307156, 1.25902700, 0.09669332);779
15.6;(0.02309449, 1.26380900, 0.09617951);780
15.62;(0.02316117, 1.27655000, 0.09448118);781
15.64;(0.02317955, 1.27959800, 0.09375729);782
15.66;(0.02305923, 1.28383200, 0.09245622);783
15.68;(0.02286062, 1.28575400, 0.09113384);784
15.7;(0.02268366, 1.28589000, 0.09061608);785
15.72;(0.02237548, 1.28386200, 0.08975510);786
15.74;(0.02197039, 1.27962100, 0.08895844);787
15.76;(0.02165459, 1.27273200, 0.08856346);788
15.78;(0.02150216, 1.26832700, 0.08851890);789
15.8;(0.02098237, 1.25286600, 0.08888639);790
15.82;(0.02076329, 1.24680800, 0.08923075);791
15.84;(0.02033235, 1.23390000, 0.09013329);792
15.86;(0.01980991, 1.22005200, 0.09127489);793
15.88;(0.01934014, 1.20600500, 0.09261847);794
15.9;(0.01908455, 1.19927600, 0.09333768);795
15.92;(0.01849808, 1.18648500, 0.09503426);796
15.94;(0.01820271, 1.17604000, 0.09635840);797
15.96;(0.01784393, 1.16859100, 0.09796603);798
15.98;(0.01759958, 1.16490300, 0.09973440);799
16;(0.01756424, 1.16415500, 0.10060330);800
16.02;(0.01760233, 1.16537900, 0.10208770);801
16.04;(0.01778331, 1.17031900, 0.10321830);802
16.06;(0.01808766, 1.17863000, 0.10418840);803
16.08;(0.01829958, 1.18929200, 0.10492680);804
16.1;(0.01842760, 1.19528100, 0.10516000);805
16.12;(0.01850361, 1.20794200, 0.10539940);806
16.14;(0.01852378, 1.22120300, 0.10541710);807
16.16;(0.01848339, 1.23483700, 0.10503710);808
16.18;(0.01828322, 1.24784000, 0.10451900);809
16.2;(0.01816499, 1.25391300, 0.10412620);810
16.22;(0.01787589, 1.26525000, 0.10332460);811
16.24;(0.01742069, 1.27494500, 0.10240960);812
16.26;(0.01691047, 1.28258500, 0.10156290);813
16.28;(0.01661898, 1.28547100, 0.10106440);814
16.3;(0.01603838, 1.28994100, 0.10016840);815
16.32;(0.01559213, 1.29136600, 0.09942349);816
16.34;(0.01517962, 1.29040500, 0.09879457);817
16.36;(0.01493378, 1.28678800, 0.09856872);818
16.38;(0.01485792, 1.28414200, 0.09857187);819
16.4;(0.01465691, 1.27696800, 0.09888492);820
16.42;(0.01460405, 1.26784900, 0.09948988);821
16.44;(0.01459391, 1.25687400, 0.10038730);822
16.46;(0.01455675, 1.24426600, 0.10146670);823
16.48;(0.01454305, 1.23743600, 0.10211880);824
16.5;(0.01467879, 1.22352700, 0.10325870);825
16.52;(0.01467489, 1.20966300, 0.10460180);826
16.54;(0.01470779, 1.19685100, 0.10599140);827
16.56;(0.01462503, 1.19111200, 0.10672830);828
16.58;(0.01429996, 1.17770100, 0.10921220);829
16.6;(0.01420994, 1.17490500, 0.11002730);830
16.62;(0.01391212, 1.17065500, 0.11139420);831
16.64;(0.01364128, 1.16999200, 0.11217440);832
16.66;(0.01358332, 1.17354000, 0.11279670);833
16.68;(0.01379086, 1.18066300, 0.11351010);834
16.7;(0.01391575, 1.18503700, 0.11417110);835
16.72;(0.01406321, 1.19614800, 0.11453520);836
16.74;(0.01434902, 1.20813400, 0.11476330);837
16.76;(0.01464135, 1.22133000, 0.11463870);838
16.78;(0.01481465, 1.22805900, 0.11455610);839
16.8;(0.01507963, 1.24149200, 0.11415070);840
16.82;(0.01533443, 1.25425400, 0.11364440);841
16.84;(0.01553372, 1.26582100, 0.11293010);842
16.86;(0.01575676, 1.27598700, 0.11218060);843
16.88;(0.01588274, 1.28024000, 0.11167300);844
16.9;(0.01602910, 1.28775500, 0.11081120);845
16.92;(0.01628226, 1.29276800, 0.10992150);846
16.94;(0.01651822, 1.29561500, 0.10912490);847
16.96;(0.01658589, 1.29607100, 0.10882250);848
16.98;(0.01678028, 1.29534600, 0.10828080);849
17;(0.01675254, 1.29177200, 0.10797750);850
17.02;(0.01682519, 1.28585100, 0.10782770);851
17.04;(0.01675477, 1.27773000, 0.10785360);852
17.06;(0.01667577, 1.27299000, 0.10794590);853
17.08;(0.01624266, 1.25578100, 0.10835370);854
17.1;(0.01591608, 1.24923900, 0.10855610);855
17.12;(0.01540409, 1.23553200, 0.10886840);856
17.14;(0.01488151, 1.22150700, 0.10939550);857
17.16;(0.01428876, 1.20770300, 0.11009930);858
17.18;(0.01406898, 1.20130000, 0.11042890);859
17.2;(0.01358397, 1.18946600, 0.11126100);860
17.22;(0.01331000, 1.18011700, 0.11220720);861
17.24;(0.01324683, 1.17282200, 0.11328550);862
17.26;(0.01339955, 1.16893000, 0.11420280);863
17.28;(0.01352188, 1.16876900, 0.11474100);864
17.3;(0.01375717, 1.17075800, 0.11581150);865
17.32;(0.01414860, 1.17603600, 0.11694530);866
17.34;(0.01470996, 1.18413300, 0.11784430);867
17.36;(0.01501838, 1.18911100, 0.11826140);868
17.38;(0.01559370, 1.20006500, 0.11883460);869
17.4;(0.01613901, 1.21244800, 0.11918100);870
17.42;(0.01671949, 1.22537200, 0.11923370);871
17.44;(0.01727964, 1.23847700, 0.11906070);872
17.46;(0.01747489, 1.24489000, 0.11892340);873
17.48;(0.01785504, 1.25702500, 0.11852730);874
17.5;(0.01821570, 1.26791200, 0.11791630);875
17.52;(0.01859371, 1.27712400, 0.11720270);876
17.54;(0.01906805, 1.28436400, 0.11650320);877
17.56;(0.01925478, 1.28717000, 0.11609850);878
17.58;(0.01971761, 1.29151000, 0.11529260);879
17.6;(0.02014929, 1.29288700, 0.11469610);880
17.62;(0.02049963, 1.29201200, 0.11415900);881
17.64;(0.02078449, 1.28835700, 0.11389850);882
17.66;(0.02101266, 1.28287300, 0.11380890);883
17.68;(0.02105161, 1.27890900, 0.11389290);884
17.7;(0.02101370, 1.26951800, 0.11410200);885
17.72;(0.02068229, 1.25802300, 0.11453020);886
17.74;(0.02023260, 1.24496300, 0.11510140);887
17.76;(0.01995344, 1.23811000, 0.11545840);888
17.78;(0.01937307, 1.22394200, 0.11622170);889
17.8;(0.01902615, 1.20962200, 0.11721990);890
17.82;(0.01865336, 1.19580100, 0.11809770);891
17.84;(0.01843021, 1.18342500, 0.11893320);892
17.86;(0.01832001, 1.17814900, 0.11923830);893
17.88;(0.01811031, 1.16971900, 0.11974790);894
17.9;(0.01805181, 1.16516700, 0.12004870);895
17.92;(0.01792749, 1.16405400, 0.12047860);896
17.94;(0.01789347, 1.16621500, 0.12075640);897
17.96;(0.01790252, 1.16873300, 0.12076040);898
17.98;(0.01782250, 1.17567400, 0.12069290);899
18;(0.01767243, 1.18542400, 0.12045160);0
18.02;(0.01727737, 1.19715800, 0.11994980);1
18.04;(0.01677503, 1.20996200, 0.11911930);2
18.06;(0.01645384, 1.21652000, 0.11862680);3
18.08;(0.01576492, 1.22985700, 0.11753840);4
18.1;(0.01492797, 1.24281900, 0.11630090);5
18.12;(0.01414721, 1.25488300, 0.11488730);6
18.14;(0.01379867, 1.26041100, 0.11416000);7
18.16;(0.01282050, 1.27032500, 0.11268830);8
18.18;(0.01195317, 1.27827200, 0.11113070);9
18.2;(0.01106796, 1.28417400, 0.10957490);10
18.22;(0.01025501, 1.28759300, 0.10812090);11
18.24;(0.00984836, 1.28840600, 0.10742420);12
18.26;(0.00915922, 1.28810400, 0.10586610);13
18.28;(0.00866650, 1.28529400, 0.10457780);14
18.3;(0.00831546, 1.27989100, 0.10356280);15
18.32;(0.00795196, 1.27232700, 0.10287020);16
18.34;(0.00778554, 1.26778600, 0.10261640);17
18.36;(0.00742543, 1.25714900, 0.10249480);18
18.38;(0.00723341, 1.24496300, 0.10262140);19
18.4;(0.00673586, 1.23165000, 0.10291550);20
18.42;(0.00629321, 1.21747400, 0.10344110);21
18.44;(0.00609569, 1.21043900, 0.10364560);22
18.46;(0.00566279, 1.19667900, 0.10446290);23
18.48;(0.00547336, 1.18440400, 0.10549420);24
18.5;(0.00535088, 1.17454200, 0.10674750);25
18.52;(0.00504574, 1.16660700, 0.10826660);26
18.54;(0.00502802, 1.16397600, 0.10885250);27
18.56;(0.00492701, 1.16134300, 0.11006750);28
18.58;(0.00484064, 1.16260800, 0.11142390);29
18.6;(0.00491231, 1.16789100, 0.11275180);30
18.62;(0.00502255, 1.17581100, 0.11397440);31
18.64;(0.00507831, 1.18072400, 0.11447720);32
18.66;(0.00509771, 1.19206600, 0.11525160);33
18.68;(0.00502354, 1.20471900, 0.11553000);34
18.7;(0.00491166, 1.21799500, 0.11546840);35
18.72;(0.00482605, 1.23154300, 0.11505860);36
18.74;(0.00463921, 1.23821000, 0.11475570);37
18.76;(0.00431105, 1.25103800, 0.11405160);38
18.78;(0.00392600, 1.26265700, 0.11315820);39
18.8;(0.00329852, 1.27262500, 0.11215010);40
18.82;(0.00302030, 1.27694700, 0.11156270);41
18.84;(0.00245842, 1.28413500, 0.11040190);42
18.86;(0.00204104, 1.28876800, 0.10912610);43
18.88;(0.00170185, 1.29124200, 0.10793290);44
18.9;(0.00141280, 1.29091300, 0.10688190);45
18.92;(0.00131712, 1.28975300, 0.10635980);46
18.94;(0.00106513, 1.28561500, 0.10553180);47
18.96;(0.00082868, 1.27892400, 0.10491310);48
18.98;(0.00058427, 1.26995400, 0.10459270);49
19;(0.00040671, 1.25898400, 0.10454550);50
19.02;(0.00020440, 1.25259600, 0.10459890);51
19.04;(-0.00022978, 1.23907600, 0.10480730);52
19.06;(-0.00074737, 1.22450200, 0.10519800);53
19.08;(-0.00127973, 1.20969200, 0.10591140);54
19.1;(-0.00193756, 1.19514800, 0.10699370);55
19.12;(-0.00230952, 1.18826100, 0.10746980);56
19.14;(-0.00316676, 1.17564800, 0.10855800);57
19.16;(-0.00415781, 1.16540000, 0.10977010);58
19.18;(-0.00513833, 1.15837600, 0.11111520);59
19.2;(-0.00567080, 1.15630500, 0.11186410);60
19.22;(-0.00663944, 1.15447900, 0.11330840);61
19.24;(-0.00761210, 1.15648900, 0.11469280);62
19.26;(-0.00853628, 1.16184700, 0.11599810);63
19.28;(-0.00945442, 1.17037100, 0.11682650);64
19.3;(-0.01045868, 1.18053500, 0.11719960);65
19.32;(-0.01100260, 1.18631800, 0.11703120);66
19.34;(-0.01214210, 1.19884200, 0.11662200);67
19.36;(-0.01324802, 1.21268000, 0.11628720);68
19.38;(-0.01444918, 1.22604900, 0.11576090);69
19.4;(-0.01555123, 1.23844300, 0.11455800);70
19.42;(-0.01611903, 1.24426700, 0.11377490);71
19.44;(-0.01730562, 1.25500200, 0.11213450);72
19.46;(-0.01832998, 1.26418500, 0.11051790);73
19.48;(-0.01918323, 1.27123200, 0.10884530);74
19.5;(-0.01980292, 1.27617000, 0.10703870);75
19.52;(-0.02002395, 1.27792900, 0.10605590);76
19.54;(-0.02050454, 1.27902900, 0.10429390);77
19.56;(-0.02070173, 1.27758300, 0.10271440);78
19.58;(-0.02088042, 1.27360900, 0.10144380);79
19.6;(-0.02079370, 1.26738200, 0.10048900);80
19.62;(-0.02075243, 1.26330300, 0.10017310);81
19.64;(-0.02060746, 1.25353200, 0.09981515);82
19.66;(-0.02031393, 1.24192500, 0.09966373);83
19.68;(-0.02010047, 1.22868800, 0.09975138);84
19.7;(-0.01993477, 1.22173200, 0.09987424);85
19.72;(-0.01960494, 1.20756200, 0.10046270);86
19.74;(-0.01921758, 1.19374400, 0.10154900);87
19.76;(-0.01873832, 1.18112000, 0.10299850);88
19.78;(-0.01818592, 1.17057600, 0.10510430);89
19.8;(-0.01796476, 1.16610300, 0.10618590);90
19.82;(-0.01748067, 1.15932300, 0.10800540);91
19.84;(-0.01692140, 1.15565700, 0.10952270);92
19.86;(-0.01632204, 1.15620300, 0.11098060);93
19.88;(-0.01564882, 1.16014900, 0.11252780);94
19.9;(-0.01525342, 1.16340800, 0.11325480);95
19.92;(-0.01457095, 1.17202200, 0.11446690);96
19.94;(-0.01387975, 1.18280300, 0.11523310);97
19.96;(-0.01305291, 1.19494500, 0.11519610);98
19.98;(-0.01220971, 1.20800600, 0.11480610);99
20;(-0.01165429, 1.21500200, 0.11439610);100
20.02;(-0.01054782, 1.22884500, 0.11356650);101
20.04;(-0.00942865, 1.24228500, 0.11240360);102
20.06;(-0.00818365, 1.25447900, 0.11104840);103
20.08;(-0.00690842, 1.26527500, 0.10949300);104
20.1;(-0.00613144, 1.26988900, 0.10863210);105
20.12;(-0.00477433, 1.27799200, 0.10708120);106
20.14;(-0.00331441, 1.28358400, 0.10545400);107
20.16;(-0.00186786, 1.28693000, 0.10377760);108
20.18;(-0.00042062, 1.28762900, 0.10227940);109
20.2;(0.00034468, 1.28704000, 0.10150200);110
20.22;(0.00186111, 1.28403600, 0.10016960);111
20.24;(0.00323308, 1.27878100, 0.09928650);112
20.26;(0.00460950, 1.27163100, 0.09870421);113
20.28;(0.00569090, 1.26237700, 0.09848261);114
20.3;(0.00606734, 1.25698800, 0.09849419);115
20.32;(0.00697191, 1.24522600, 0.09858616);116
20.34;(0.00759823, 1.23212900, 0.09897298);117
20.36;(0.00821583, 1.21845500, 0.09962329);118
20.38;(0.00854282, 1.21156800, 0.09994880);119
20.4;(0.00907004, 1.19826300, 0.10078680);120
20.42;(0.00941222, 1.18643700, 0.10173450);121
20.44;(0.00965397, 1.17686000, 0.10257520);122
20.46;(0.00986626, 1.16943400, 0.10351270);123
20.48;(0.00989641, 1.16687200, 0.10387070);124
20.5;(0.01012766, 1.16410500, 0.10453470);125
20.52;(0.01043327, 1.16519200, 0.10518200);126
20.54;(0.01080153, 1.17002500, 0.10573820);127
20.56;(0.01106967, 1.17711100, 0.10591930);128
20.58;(0.01124544, 1.18168000, 0.10582270);129
20.6;(0.01161164, 1.19226400, 0.10538130);130
20.62;(0.01191523, 1.20420500, 0.10465410);131
20.64;(0.01220972, 1.21712400, 0.10350610);132
20.66;(0.01233978, 1.23028800, 0.10214880);133
20.68;(0.01245060, 1.23682900, 0.10133200);134
20.7;(0.01253396, 1.24950900, 0.09973698);135
20.72;(0.01250518, 1.26099000, 0.09798519);136
20.74;(0.01240180, 1.27103600, 0.09622053);137
20.76;(0.01226120, 1.27930800, 0.09442058);138
20.78;(0.01215719, 1.28269300, 0.09350655);139
20.8;(0.01199117, 1.28791000, 0.09171961);140
20.82;(0.01170821, 1.29083600, 0.09005727);141
20.84;(0.01137311, 1.29147700, 0.08868402);142
20.86;(0.01106483, 1.28919300, 0.08749145);143
20.88;(0.01073414, 1.28687700, 0.08702140);144
20.9;(0.01018030, 1.28122500, 0.08614586);145
20.92;(0.00971314, 1.27318200, 0.08563464);146
20.94;(0.00911861, 1.26312500, 0.08546395);147
20.96;(0.00885600, 1.25747200, 0.08545176);148
20.98;(0.00820890, 1.24510500, 0.08557591);149
21;(0.00753899, 1.23151600, 0.08590199);150
21.02;(0.00704461, 1.21780700, 0.08620827);151
21.04;(0.00655843, 1.20414100, 0.08693986);152
21.06;(0.00612755, 1.19215500, 0.08745270);153
21.08;(0.00582844, 1.18655600, 0.08786260);154
21.1;(0.00530229, 1.17719500, 0.08865238);155
21.12;(0.00484762, 1.17055900, 0.08944940);156
21.14;(0.00444712, 1.16675900, 0.09010723);157
21.16;(0.00429979, 1.16614600, 0.09032219);158
21.18;(0.00406763, 1.16684800, 0.09068269);159
21.2;(0.00383389, 1.17161800, 0.09095325);160
21.22;(0.00357198, 1.17896200, 0.09124586);161
21.24;(0.00347691, 1.18861600, 0.09110324);162
21.26;(0.00352093, 1.19975100, 0.09062664);163
21.28;(0.00354069, 1.20585400, 0.09026309);164
21.3;(0.00364937, 1.21845600, 0.08929964);165
21.32;(0.00383770, 1.23148900, 0.08794845);166
21.34;(0.00405791, 1.24428100, 0.08635379);167
21.36;(0.00443982, 1.25648500, 0.08449045);168
21.38;(0.00456458, 1.26225800, 0.08352190);169
21.4;(0.00481539, 1.27253200, 0.08163378);170
21.42;(0.00526925, 1.28101800, 0.07958855);171
21.44;(0.00575505, 1.28767000, 0.07755071);172
21.46;(0.00626645, 1.29227000, 0.07547565);173
21.48;(0.00652722, 1.29350300, 0.07455642);174
21.5;(0.00701297, 1.29481800, 0.07268959);175
21.52;(0.00765111, 1.29315500, 0.07107272);176
21.54;(0.00829324, 1.28929100, 0.06963274);177
21.56;(0.00855307, 1.28640100, 0.06894562);178
21.58;(0.00913713, 1.27919100, 0.06774613);179
21.6;(0.00955189, 1.26967300, 0.06695381);180
21.62;(0.01004234, 1.25844900, 0.06641489);181
21.64;(0.01039885, 1.24563700, 0.06619178);182
21.66;(0.01053246, 1.23870600, 0.06620058);183
21.68;(0.01070826, 1.22443900, 0.06625396);184
21.7;(0.01077660, 1.21001400, 0.06654663);185
21.72;(0.01094242, 1.19619200, 0.06668202);186
21.74;(0.01109076, 1.18385600, 0.06713730);187
21.76;(0.01112569, 1.17880500, 0.06745113);188
21.78;(0.01132996, 1.17037300, 0.06833759);189
21.8;(0.01149679, 1.16502200, 0.06899156);190
21.82;(0.01178589, 1.16271100, 0.06940886);191
21.84;(0.01200152, 1.16404200, 0.06966578);192
21.86;(0.01214451, 1.16611900, 0.06970322);193
21.88;(0.01237620, 1.17251500, 0.06987600);194
21.9;(0.01250112, 1.18143200, 0.06981582);195
21.92;(0.01258045, 1.19213800, 0.06936023);196
21.94;(0.01264534, 1.20416100, 0.06873169);197
21.96;(0.01271705, 1.21053200, 0.06841705);198
21.98;(0.01286192, 1.22340300, 0.06767427);199
22;(0.01303243, 1.23604000, 0.06673189);200
22.02;(0.01314390, 1.24789800, 0.06553473);201
22.04;(0.01324469, 1.25860800, 0.06417039);202
22.06;(0.01330984, 1.26325800, 0.06340401);203
22.08;(0.01338019, 1.27145400, 0.06188753);204
22.1;(0.01344672, 1.27762300, 0.06011294);205
22.12;(0.01340810, 1.28139100, 0.05835286);206
22.14;(0.01334901, 1.28228400, 0.05747307);207
22.16;(0.01326729, 1.28248500, 0.05591290);208
22.18;(0.01319277, 1.28025900, 0.05451960);209
22.2;(0.01306855, 1.27537200, 0.05328908);210
22.22;(0.01296588, 1.26819000, 0.05241482);211
22.24;(0.01291014, 1.26351600, 0.05209759);212
22.26;(0.01278070, 1.25317300, 0.05161686);213
22.28;(0.01265017, 1.24106400, 0.05153801);214
22.3;(0.01252465, 1.22749600, 0.05195524);215
22.32;(0.01253637, 1.21323300, 0.05263660);216
22.34;(0.01247301, 1.20601500, 0.05311085);217
22.36;(0.01232411, 1.19144000, 0.05431311);218
22.38;(0.01231159, 1.17835200, 0.05527956);219
22.4;(0.01211514, 1.16734200, 0.05645450);220
22.42;(0.01198116, 1.15985600, 0.05769721);221
22.44;(0.01179945, 1.15714800, 0.05836895);222
22.46;(0.01159569, 1.15416600, 0.05953890);223
22.48;(0.01144575, 1.15501100, 0.06060561);224
22.5;(0.01152248, 1.15911200, 0.06158262);225
22.52;(0.01155186, 1.16637000, 0.06242353);226
22.54;(0.01152967, 1.17073900, 0.06281154);227
22.56;(0.01162046, 1.18089900, 0.06316697);228
22.58;(0.01183247, 1.19273400, 0.06304710);229
22.6;(0.01203388, 1.20561100, 0.06268978);230
22.62;(0.01217639, 1.21869300, 0.06203001);231
22.64;(0.01227808, 1.22508100, 0.06160352);232
22.66;(0.01248151, 1.23754400, 0.06058274);233
22.68;(0.01273757, 1.24855500, 0.05939003);234
22.7;(0.01305116, 1.25816500, 0.05804371);235
22.72;(0.01330703, 1.26617300, 0.05662978);236
22.74;(0.01335384, 1.26923100, 0.05598809);237
22.76;(0.01349622, 1.27427400, 0.05450737);238
22.78;(0.01355366, 1.27666000, 0.05306705);239
22.8;(0.01359645, 1.27687500, 0.05176890);240
22.82;(0.01352855, 1.27491900, 0.05064403);241
22.84;(0.01347880, 1.27304800, 0.05019643);242
22.86;(0.01340465, 1.26809000, 0.04946194);243
22.88;(0.01321308, 1.26109300, 0.04908652);244
22.9;(0.01310635, 1.25211000, 0.04908861);245
22.92;(0.01296070, 1.24148500, 0.04938284);246
22.94;(0.01281998, 1.23557400, 0.04978036);247
22.96;(0.01265019, 1.22287700, 0.05059769);248
22.98;(0.01250375, 1.20957600, 0.05150260);249
23;(0.01229984, 1.19619400, 0.05279144);250
23.02;(0.01220531, 1.19014700, 0.05353787);251
23.04;(0.01208367, 1.17840000, 0.05538572);252
23.06;(0.01182963, 1.16863000, 0.05731113);253
23.08;(0.01150009, 1.16070200, 0.05904813);254
23.1;(0.01120529, 1.15614500, 0.06035743);255
23.12;(0.01108706, 1.15582100, 0.06091972);256
23.14;(0.01090297, 1.15671400, 0.06216984);257
23.16;(0.01084405, 1.16080700, 0.06315905);258
23.18;(0.01080929, 1.16773800, 0.06368674);259
23.2;(0.01091291, 1.17712300, 0.06392632);260
23.22;(0.01104787, 1.18262600, 0.06385841);261
23.24;(0.01134924, 1.19462000, 0.06341396);262
23.26;(0.01169851, 1.20770500, 0.06264628);263
23.28;(0.01220798, 1.22139600, 0.06172417);264
23.3;(0.01268421, 1.23476100, 0.06067898);265
23.32;(0.01292770, 1.24130700, 0.06012207);266
23.34;(0.01339732, 1.25376400, 0.05893967);267
23.36;(0.01376563, 1.26475100, 0.05765945);268
23.38;(0.01401174, 1.27369100, 0.05655191);269
23.4;(0.01417037, 1.28054700, 0.05531380);270
23.42;(0.01426857, 1.28342000, 0.05454307);271
23.44;(0.01416702, 1.28649200, 0.05353766);272
23.46;(0.01395450, 1.28753400, 0.05265397);273
23.48;(0.01355860, 1.28605800, 0.05185027);274
23.5;(0.01297560, 1.28208300, 0.05132639);275
23.52;(0.01266569, 1.27924100, 0.05112047);276
23.54;(0.01191081, 1.27185900, 0.05098145);277
23.56;(0.01136690, 1.26265900, 0.05117520);278
23.58;(0.01091624, 1.25204200, 0.05183924);279
23.6;(0.01093314, 1.24649400, 0.05253539);280
23.62;(0.01162988, 1.22840800, 0.05526781);281
23.64;(0.01184144, 1.22185100, 0.05613474);282
23.66;(0.01215434, 1.20825200, 0.05747789);283
23.68;(0.01243383, 1.19528500, 0.05854847);284
23.7;(0.01248403, 1.18927100, 0.05941802);285
23.72;(0.01238469, 1.17869000, 0.06093368);286
23.74;(0.01206843, 1.17053600, 0.06268834);287
23.76;(0.01151916, 1.16545800, 0.06460869);288
23.78;(0.01094161, 1.16361400, 0.06670961);289
23.8;(0.01062749, 1.16398300, 0.06773032);290
23.82;(0.00982555, 1.16665300, 0.06968794);291
23.84;(0.00891766, 1.17238700, 0.07146478);292
23.86;(0.00781312, 1.18042200, 0.07299112);293
23.88;(0.00680684, 1.19084100, 0.07414327);294
23.9;(0.00571072, 1.20230400, 0.07514530);295
23.92;(0.00520747, 1.20841700, 0.07546777);296
23.94;(0.00414662, 1.22094400, 0.07582302);297
23.96;(0.00310263, 1.23360000, 0.07563309);298
23.98;(0.00207103, 1.24590200, 0.07529455);299
24;(0.00100955, 1.25718400, 0.07483152);300
24.02;(0.00055521, 1.26224400, 0.07440780);301
24.04;(-0.00045779, 1.27138200, 0.07361765);302
24.06;(-0.00135127, 1.27885500, 0.07262915);303
24.08;(-0.00228546, 1.28465800, 0.07153764);304
24.1;(-0.00325688, 1.28823900, 0.07051598);305
24.12;(-0.00367197, 1.28890000, 0.06992562);306
24.14;(-0.00442528, 1.28889600, 0.06888521);307
24.16;(-0.00534020, 1.28633700, 0.06790746);308
24.18;(-0.00618271, 1.28127100, 0.06725658);309
24.2;(-0.00663299, 1.27787600, 0.06702622);310
24.22;(-0.00740587, 1.26967300, 0.06688167);311
24.24;(-0.00808662, 1.25928200, 0.06706376);312
24.26;(-0.00885073, 1.24738900, 0.06751256);313
24.28;(-0.00953097, 1.23406100, 0.06834652);314
24.3;(-0.00977903, 1.22722500, 0.06881171);315
24.32;(-0.01028202, 1.21338600, 0.07001555);316
24.34;(-0.01108762, 1.19959000, 0.07152680);317
24.36;(-0.01180546, 1.18669200, 0.07281768);318
24.38;(-0.01257629, 1.17617600, 0.07435584);319
24.4;(-0.01286063, 1.17184700, 0.07520013);320
24.42;(-0.01334515, 1.16573400, 0.07705827);321
24.44;(-0.01395136, 1.16266700, 0.07871874);322
24.46;(-0.01478783, 1.16285400, 0.07984634);323
24.48;(-0.01587433, 1.16628000, 0.08074037);324
24.5;(-0.01671318, 1.16957600, 0.08114591);325
24.52;(-0.01843215, 1.17737600, 0.08198606);326
24.54;(-0.02042732, 1.18751700, 0.08248185);327
24.56;(-0.02264193, 1.19881200, 0.08281816);328
24.58;(-0.02499371, 1.21112900, 0.08285337);329
24.6;(-0.02622889, 1.21755600, 0.08286900);330
24.62;(-0.02887703, 1.23036600, 0.08282905);331
24.64;(-0.03172316, 1.24286200, 0.08267421);332
24.66;(-0.03451303, 1.25420900, 0.08237214);333
24.68;(-0.03719961, 1.26449900, 0.08179910);334
24.7;(-0.03852925, 1.26875800, 0.08160172);335
24.72;(-0.04110685, 1.27642200, 0.08094773);336
24.74;(-0.04348435, 1.28216500, 0.08023017);337
24.76;(-0.04579160, 1.28572500, 0.07939793);338
24.78;(-0.04772937, 1.28709300, 0.07859558);339
24.8;(-0.04856404, 1.28683200, 0.07824516);340
24.82;(-0.04994960, 1.28477300, 0.07753346);341
24.84;(-0.05092849, 1.28042900, 0.07703443);342
24.86;(-0.05131060, 1.27388600, 0.07677315);343
24.88;(-0.05140571, 1.26986300, 0.07682946);344
24.9;(-0.05127542, 1.26097000, 0.07696945);345
24.92;(-0.05077737, 1.25025000, 0.07741742);346
24.94;(-0.05006733, 1.23811100, 0.07817394);347
24.96;(-0.04968562, 1.23176200, 0.07866844);348
24.98;(-0.04848823, 1.21223700, 0.08038347);349
25;(-0.04787497, 1.19931500, 0.08188847);350
25.02;(-0.04736459, 1.18765200, 0.08337302);351
25.04;(-0.04697366, 1.17710100, 0.08503094);352
25.06;(-0.04710981, 1.17262400, 0.08607524);353
25.08;(-0.04698762, 1.16640300, 0.08806847);354
25.1;(-0.04700961, 1.16341900, 0.09047262);355
25.12;(-0.04711322, 1.16300500, 0.09169935);356
25.14;(-0.04741228, 1.16389400, 0.09371320);357
25.16;(-0.04752275, 1.16819600, 0.09540793);358
25.18;(-0.04785440, 1.17445500, 0.09712310);359
25.2;(-0.04816247, 1.17878000, 0.09781344);360
25.22;(-0.04840890, 1.18906600, 0.09897975);361
25.24;(-0.04867861, 1.20053700, 0.09988806);362
25.26;(-0.04894996, 1.21237100, 0.10020600);363
25.28;(-0.04911931, 1.22438800, 0.09994508);364
25.3;(-0.04917488, 1.23050700, 0.09962609);365
25.32;(-0.04902439, 1.24269700, 0.09906176);366
25.34;(-0.04870817, 1.25411400, 0.09842183);367
25.36;(-0.04830027, 1.26414300, 0.09756196);368
25.38;(-0.04793471, 1.26853900, 0.09710990);369
25.4;(-0.04720930, 1.27601000, 0.09592568);370
25.42;(-0.04620608, 1.28154000, 0.09477687);371
25.44;(-0.04492728, 1.28509200, 0.09369456);372
25.46;(-0.04355669, 1.28643000, 0.09275397);373
25.48;(-0.04272113, 1.28580500, 0.09237566);374
25.5;(-0.04105278, 1.28359600, 0.09157863);375
25.52;(-0.03923071, 1.27903100, 0.09091908);376
25.54;(-0.03734437, 1.27208800, 0.09055131);377
25.56;(-0.03537956, 1.26319400, 0.09045126);378
25.58;(-0.03437692, 1.25806200, 0.09054806);379
25.6;(-0.03253312, 1.24695000, 0.09088024);380
25.62;(-0.03073929, 1.23452900, 0.09140945);381
25.64;(-0.02895095, 1.22159500, 0.09197761);382
25.66;(-0.02744289, 1.20868600, 0.09267031);383
25.68;(-0.02667107, 1.20278000, 0.09278834);384
25.7;(-0.02526341, 1.19137000, 0.09344432);385
25.72;(-0.02393161, 1.18184000, 0.09425958);386
25.74;(-0.02262247, 1.17493600, 0.09490832);387
25.76;(-0.02154694, 1.17068900, 0.09543941);388
25.78;(-0.02111345, 1.16993000, 0.09569299);389
25.8;(-0.02017343, 1.17052400, 0.09595715);390
25.82;(-0.01934101, 1.17418900, 0.09615178);391
25.84;(-0.01857023, 1.18069800, 0.09617016);392
25.86;(-0.01782487, 1.18966000, 0.09603149);393
25.88;(-0.01737989, 1.19482200, 0.09585339);394
25.9;(-0.01668665, 1.20596300, 0.09554559);395
25.92;(-0.01594059, 1.21789000, 0.09489789);396
25.94;(-0.01538126, 1.23000000, 0.09413980);397
25.96;(-0.01480328, 1.24203400, 0.09315752);398
25.98;(-0.01455771, 1.24771900, 0.09269477);399
26;(-0.01389664, 1.25845100, 0.09161961);400
26.02;(-0.01329068, 1.26781400, 0.09048987);401
26.04;(-0.01263028, 1.27537800, 0.08934669);402
26.06;(-0.01232309, 1.27847900, 0.08878530);403
26.08;(-0.01161448, 1.28328400, 0.08756949);404
26.1;(-0.01089748, 1.28559900, 0.08650244);405
26.12;(-0.01017690, 1.28574100, 0.08552317);406
26.14;(-0.00936458, 1.28363000, 0.08466698);407
26.16;(-0.00893752, 1.28168600, 0.08426367);408
26.18;(-0.00793154, 1.27661600, 0.08353984);409
26.2;(-0.00690677, 1.26932300, 0.08303680);410
26.22;(-0.00583012, 1.26019200, 0.08262202);411
26.24;(-0.00478427, 1.24960300, 0.08246388);412
26.26;(-0.00379482, 1.23799600, 0.08254842);413
26.28;(-0.00325345, 1.23195100, 0.08271775);414
26.3;(-0.00220307, 1.22004800, 0.08312295);415
26.32;(-0.00106398, 1.20849700, 0.08378220);416
26.34;(0.00001861, 1.19743700, 0.08469351);417
26.36;(0.00057196, 1.19291900, 0.08492786);418
26.38;(0.00181877, 1.18444300, 0.08589097);419
26.4;(0.00324499, 1.17844300, 0.08692900);420
26.42;(0.00466320, 1.17502500, 0.08809780);421
26.44;(0.00611511, 1.17501600, 0.08923584);422
26.46;(0.00686172, 1.17597300, 0.08980958);423
26.48;(0.00834585, 1.18035400, 0.09095708);424
26.5;(0.00988369, 1.18690700, 0.09204308);425
26.52;(0.01137578, 1.19555600, 0.09287047);426
26.54;(0.01288805, 1.20565200, 0.09345940);427
26.56;(0.01357561, 1.21105800, 0.09373744);428
26.58;(0.01499404, 1.22232200, 0.09419654);429
26.6;(0.01629551, 1.23361200, 0.09434120);430
26.62;(0.01739528, 1.24455800, 0.09423432);431
26.64;(0.01782505, 1.24969100, 0.09412619);432
26.66;(0.01903348, 1.26382600, 0.09373838);433
26.68;(0.01933894, 1.26774400, 0.09354367);434
26.7;(0.01989971, 1.27460200, 0.09322994);435
26.72;(0.02026265, 1.27954900, 0.09285418);436
26.74;(0.02051596, 1.28258500, 0.09231889);437
26.76;(0.02051162, 1.28300800, 0.09229729);438
26.78;(0.02063495, 1.28260200, 0.09169231);439
26.8;(0.02083051, 1.27997400, 0.09103718);440
26.82;(0.02100228, 1.27536900, 0.09045127);441
26.84;(0.02116821, 1.26871200, 0.09004451);442
26.86;(0.02121715, 1.26471800, 0.08992182);443
26.88;(0.02144410, 1.25551900, 0.08971255);444
26.9;(0.02159470, 1.24488400, 0.08964679);445
26.92;(0.02187799, 1.23304200, 0.08962858);446
26.94;(0.02200196, 1.22685500, 0.08967898);447
26.96;(0.02217006, 1.22055700, 0.08980077);448
26.98;(0.02272248, 1.20200700, 0.09028789);449
27;(0.02310110, 1.19055200, 0.09071383);450
27.02;(0.02351762, 1.18068300, 0.09124110);451
27.04;(0.02361613, 1.17663700, 0.09164717);452
27.06;(0.02387175, 1.16994200, 0.09249845);453
27.08;(0.02398837, 1.16631400, 0.09334271);454
27.1;(0.02402857, 1.16608600, 0.09419264);455
27.12;(0.02416282, 1.16863400, 0.09502001);456
27.14;(0.02426082, 1.17126500, 0.09542113);457
27.16;(0.02429431, 1.17783600, 0.09635895);458
27.18;(0.02417593, 1.18676400, 0.09729975);459
27.2;(0.02396354, 1.19746300, 0.09795734);460
27.22;(0.02380344, 1.20313700, 0.09825649);461
27.24;(0.02347321, 1.21496500, 0.09856929);462
27.26;(0.02285985, 1.22713900, 0.09871066);463
27.28;(0.02221722, 1.23910100, 0.09851359);464
27.3;(0.02157355, 1.25034800, 0.09809179);465
27.32;(0.02079051, 1.26069300, 0.09751108);466
27.34;(0.02047535, 1.26522400, 0.09708928);467
27.36;(0.01969095, 1.27333000, 0.09608988);468
27.38;(0.01896717, 1.27955400, 0.09482580);469
27.4;(0.01836685, 1.28393000, 0.09339741);470
27.42;(0.01785468, 1.28623800, 0.09182926);471
27.44;(0.01765752, 1.28628800, 0.09100231);472
27.46;(0.01724474, 1.28520900, 0.08940811);473
27.48;(0.01718136, 1.28190400, 0.08773916);474
27.5;(0.01735912, 1.27618000, 0.08617661);475
27.52;(0.01756611, 1.26886000, 0.08468972);476
27.54;(0.01781889, 1.26419400, 0.08402269);477
27.56;(0.01838084, 1.25416500, 0.08251936);478
27.58;(0.01910105, 1.24273600, 0.08117528);479
27.6;(0.01986070, 1.23052800, 0.08004559);480
27.62;(0.02081117, 1.21796000, 0.07895578);481
27.64;(0.02129262, 1.21170100, 0.07851490);482
27.66;(0.02241907, 1.19975500, 0.07759838);483
27.68;(0.02365527, 1.18886400, 0.07685939);484
27.7;(0.02495775, 1.17981000, 0.07613290);485
27.72;(0.02622987, 1.17301900, 0.07550620);486
27.74;(0.02685058, 1.17101700, 0.07531380);487
27.76;(0.02802552, 1.16890300, 0.07505846);488
27.78;(0.02917227, 1.16945900, 0.07508045);489
27.8;(0.03026664, 1.17324700, 0.07520463);490
27.82;(0.03137969, 1.17963300, 0.07557121);491
27.84;(0.03189175, 1.18361700, 0.07573062);492
27.86;(0.03298648, 1.19298000, 0.07601517);493
27.88;(0.03382389, 1.20350800, 0.07625554);494
27.9;(0.03453207, 1.21471900, 0.07625503);495
27.92;(0.03514220, 1.22621600, 0.07594273);496
27.94;(0.03533184, 1.23181100, 0.07563885);497
27.96;(0.03563892, 1.24288100, 0.07490189);498
27.98;(0.03581974, 1.25309200, 0.07374576);499
28;(0.03579795, 1.26206900, 0.07239429);500
28.02;(0.03552986, 1.26975600, 0.07080445);501
28.04;(0.03538179, 1.27288700, 0.06995831);502
28.06;(0.03500749, 1.27829100, 0.06809720);503
28.08;(0.03453819, 1.28126900, 0.06618761);504
28.1;(0.03400198, 1.28205200, 0.06421088);505
28.12;(0.03342234, 1.28072300, 0.06207410);506
28.14;(0.03314584, 1.27895000, 0.06098980);507
28.16;(0.03269584, 1.27395000, 0.05879798);508
28.18;(0.03224756, 1.26694600, 0.05677467);509
28.2;(0.03184815, 1.25759700, 0.05499607);510
28.22;(0.03167224, 1.25238200, 0.05414117);511
28.24;(0.03133819, 1.24074400, 0.05270526);512
28.26;(0.03120264, 1.22787700, 0.05147736);513
28.28;(0.03083269, 1.21434400, 0.05040420);514
28.3;(0.03056744, 1.20079400, 0.04935529);515
28.32;(0.03039596, 1.19423700, 0.04887130);516
28.34;(0.03017358, 1.18205200, 0.04790488);517
28.36;(0.02989838, 1.17155100, 0.04712052);518
28.38;(0.02959647, 1.16356800, 0.04656755);519
28.4;(0.02931614, 1.16077000, 0.04635026);520
28.42;(0.02857564, 1.15691500, 0.04576441);521
28.44;(0.02745634, 1.15605600, 0.04536183);522
28.46;(0.02623140, 1.15821800, 0.04493083);523
28.48;(0.02497985, 1.16336700, 0.04477727);524
28.5;(0.02424946, 1.16678500, 0.04479180);525
28.52;(0.02285373, 1.17509800, 0.04465785);526
28.54;(0.02122864, 1.18497000, 0.04432246);527
28.56;(0.01970017, 1.19565800, 0.04362602);528
28.58;(0.01806427, 1.20689800, 0.04260214);529
28.6;(0.01653123, 1.21827100, 0.04140871);530
28.62;(0.01576575, 1.22380000, 0.04070358);531
28.64;(0.01415491, 1.23425900, 0.03943529);532
28.66;(0.01266532, 1.24366400, 0.03785848);533
28.68;(0.01122966, 1.25151900, 0.03615908);534
28.7;(0.00990983, 1.25773900, 0.03439358);535
28.72;(0.00917483, 1.26006600, 0.03352220);536
28.74;(0.00786901, 1.26351300, 0.03196900);537
28.76;(0.00680269, 1.26479200, 0.03052777);538
28.78;(0.00604377, 1.26397000, 0.02917832);539
28.8;(0.00545744, 1.26092800, 0.02809566);540
28.82;(0.00525873, 1.25879800, 0.02764658);541
28.84;(0.00512869, 1.25302300, 0.02705229);542
28.86;(0.00519412, 1.24563900, 0.02673713);543
28.88;(0.00546266, 1.23682900, 0.02679644);544
28.9;(0.00597502, 1.22707900, 0.02705589);545
28.92;(0.00625848, 1.22181500, 0.02734528);546
28.94;(0.00697466, 1.21108400, 0.02769824);547
28.96;(0.00779703, 1.20073900, 0.02821486);548
28.98;(0.00865336, 1.19129200, 0.02901187);549
29;(0.00960042, 1.18336300, 0.03008629);550
29.02;(0.01006225, 1.18009300, 0.03068527);551
29.04;(0.01086933, 1.17448700, 0.03193359);552
29.06;(0.01162214, 1.17120600, 0.03297536);553
29.08;(0.01219963, 1.17004400, 0.03416514);554
29.1;(0.01253279, 1.17177700, 0.03546275);555
29.12;(0.01269380, 1.17386500, 0.03619186);556
29.14;(0.01277520, 1.17903700, 0.03756481);557
29.16;(0.01282172, 1.18234200, 0.03811135);558
29.18;(0.01277411, 1.19319900, 0.03945378);559
29.2;(0.01275237, 1.19732900, 0.03982627);560
29.22;(0.01278701, 1.20605100, 0.04047651);561
29.24;(0.01287147, 1.21502900, 0.04093238);562
29.26;(0.01288529, 1.22376300, 0.04139375);563
29.28;(0.01304334, 1.23205400, 0.04158285);564
29.3;(0.01315673, 1.23572500, 0.04174430);565
29.32;(0.01332419, 1.24236700, 0.04198467);566
29.34;(0.01357080, 1.24784000, 0.04214929);567
29.36;(0.01373138, 1.25156600, 0.04220784);568
29.38;(0.01379561, 1.25395500, 0.04226959);569
29.4;(0.01379169, 1.25435900, 0.04226362);570
29.42;(0.01373141, 1.25436000, 0.04229169);571
29.44;(0.01367089, 1.25266600, 0.04241637);572
29.46;(0.01364748, 1.24930900, 0.04264239);573
29.48;(0.01358888, 1.24451600, 0.04301410);574
29.5;(0.01360477, 1.24159900, 0.04322625);575
29.52;(0.01359241, 1.23493800, 0.04372717);576
29.54;(0.01368833, 1.22717400, 0.04428655);577
29.56;(0.01385602, 1.21887100, 0.04496712);578
29.58;(0.01405013, 1.21027900, 0.04573834);579
29.6;(0.01413707, 1.20594300, 0.04617773);580
29.62;(0.01437667, 1.19764800, 0.04701351);581
29.64;(0.01471009, 1.19027000, 0.04791056);582
29.66;(0.01494731, 1.18429200, 0.04896513);583
29.68;(0.01506382, 1.18184700, 0.04948251);584
29.7;(0.01526807, 1.17692800, 0.05102148);585
29.72;(0.01527450, 1.17627200, 0.05149733);586
29.74;(0.01518859, 1.17619300, 0.05264112);587
29.76;(0.01500239, 1.17877000, 0.05368168);588
29.78;(0.01466986, 1.18280100, 0.05472597);589
29.8;(0.01446326, 1.18551500, 0.05517428);590
29.82;(0.01394549, 1.19169200, 0.05596042);591
29.84;(0.01327808, 1.19932500, 0.05665398);592
29.86;(0.01252486, 1.20750100, 0.05714210);593
29.88;(0.01205383, 1.21175400, 0.05727170);594
29.9;(0.01063351, 1.22453500, 0.05735427);595
29.92;(0.01018656, 1.22872800, 0.05720114);596
29.94;(0.00918820, 1.23677700, 0.05682356);597
29.96;(0.00816552, 1.24409800, 0.05634969);598
29.98;(0.00717319, 1.25024000, 0.05574831);599
30;(0.00671815, 1.25275100, 0.05545438);600
30.02;(0.00586591, 1.25710300, 0.05481826);601
30.04;(0.00505432, 1.25965400, 0.05425781);602
30.06;(0.00440923, 1.26059700, 0.05367168);603
30.08;(0.00416466, 1.26038200, 0.05335744);604
30.1;(0.00376951, 1.25898900, 0.05271830);605
30.12;(0.00362970, 1.25588900, 0.05197326);606
30.14;(0.00354705, 1.25109200, 0.05128101);607
30.16;(0.00366227, 1.24513100, 0.05066657);608
30.18;(0.00378861, 1.24168400, 0.05037081);609
30.2;(0.00403475, 1.23438400, 0.04990834);610
30.22;(0.00429236, 1.22648700, 0.04948445);611
30.24;(0.00453878, 1.21812600, 0.04929680);612
30.26;(0.00471447, 1.20972500, 0.04915258);613
30.28;(0.00481497, 1.20559200, 0.04915643);614
30.3;(0.00494027, 1.19807600, 0.04930265);615
30.32;(0.00494524, 1.19143100, 0.04954380);616
30.34;(0.00490521, 1.18611200, 0.04977662);617
30.36;(0.00471661, 1.18242200, 0.05025779);618
30.38;(0.00457837, 1.18137900, 0.05056311);619
30.4;(0.00422373, 1.18081200, 0.05142979);620
30.42;(0.00375128, 1.18175600, 0.05237572);621
30.44;(0.00327126, 1.18417600, 0.05335926);622
30.46;(0.00271032, 1.18799600, 0.05447844);623
30.48;(0.00246773, 1.19042900, 0.05502775);624
30.5;(0.00195524, 1.19579100, 0.05624430);625
30.52;(0.00155353, 1.20157400, 0.05742534);626
30.54;(0.00118005, 1.20737800, 0.05861815);627
30.56;(0.00109365, 1.21026300, 0.05921555);628
30.58;(0.00087687, 1.21596300, 0.06048317);629
30.6;(0.00075389, 1.22130600, 0.06164864);630
30.62;(0.00074805, 1.22562300, 0.06268645);631
30.64;(0.00084809, 1.22909200, 0.06347775);632
30.66;(0.00096196, 1.23036800, 0.06379465);633
30.68;(0.00108911, 1.23225400, 0.06439798);634
30.7;(0.00126332, 1.23300900, 0.06495363);635
30.72;(0.00145230, 1.23238600, 0.06551453);636
30.74;(0.00157427, 1.23058800, 0.06602990);637
30.76;(0.00167233, 1.22927300, 0.06620072);638
30.78;(0.00171189, 1.22628800, 0.06652161);639
30.8;(0.00171222, 1.22248900, 0.06697879);640
30.82;(0.00158928, 1.21806300, 0.06753917);641
30.84;(0.00138519, 1.21300700, 0.06796904);642
30.86;(0.00128164, 1.21032300, 0.06814177);643
30.88;(0.00113104, 1.20501400, 0.06846706);644
30.9;(0.00092612, 1.19980900, 0.06895097);645
30.92;(0.00073347, 1.19486000, 0.06937534);646
30.94;(0.00061821, 1.19043500, 0.06984872);647
30.96;(0.00056020, 1.18848200, 0.07005953);648
30.98;(0.00058194, 1.18509900, 0.07045247);649
31;(0.00064818, 1.18283800, 0.07093568);650
31.02;(0.00098048, 1.18196700, 0.07157861);651
31.04;(0.00152122, 1.18213600, 0.07236980);652
31.06;(0.00193301, 1.18266600, 0.07273500);653
31.08;(0.00279531, 1.18431500, 0.07326287);654
31.1;(0.00389564, 1.18727600, 0.07364522);655
31.12;(0.00509613, 1.19096100, 0.07406254);656
31.14;(0.00632369, 1.19513900, 0.07429241);657
31.16;(0.00707763, 1.19732700, 0.07428251);658
31.18;(0.00843567, 1.20180700, 0.07418188);659
31.2;(0.00976657, 1.20632000, 0.07387473);660
31.22;(0.01105750, 1.21065800, 0.07349312);661
31.24;(0.01231033, 1.21471900, 0.07293289);662
31.26;(0.01278864, 1.21649500, 0.07266003);663
31.28;(0.01359109, 1.21979000, 0.07203910);664
31.3;(0.01420210, 1.22220400, 0.07129603);665
31.32;(0.01457688, 1.22389600, 0.07045129);666
31.34;(0.01463494, 1.22438200, 0.06992837);667
31.36;(0.01462688, 1.22493600, 0.06890472);668
31.38;(0.01440900, 1.22469700, 0.06788850);669
31.4;(0.01388987, 1.22368300, 0.06691941);670
31.42;(0.01329340, 1.22193500, 0.06593850);671
31.44;(0.01270666, 1.21961400, 0.06490557);672
31.46;(0.01243061, 1.21824900, 0.06440619);673
31.48;(0.01189050, 1.21519900, 0.06331550);674
31.5;(0.01137595, 1.21181100, 0.06230095);675
31.52;(0.01116621, 1.20840700, 0.06137159);676
31.54;(0.01118524, 1.20666600, 0.06101448);677
31.56;(0.01141175, 1.20327600, 0.06015900);678
31.58;(0.01183812, 1.19989100, 0.05930257);679
31.6;(0.01241070, 1.19708600, 0.05845281);680
31.62;(0.01332101, 1.19500200, 0.05770738);681
31.64;(0.01385866, 1.19434700, 0.05738255);682
31.66;(0.01499188, 1.19342900, 0.05667127);683
31.68;(0.01626106, 1.19346000, 0.05578018);684
31.7;(0.01763867, 1.19415500, 0.05479648);685
31.72;(0.01910457, 1.19555100, 0.05372501);686
31.74;(0.01992567, 1.19655400, 0.05316686);687
31.76;(0.02162853, 1.19896000, 0.05210267);688
31.78;(0.02337374, 1.20176000, 0.05092144);689
31.8;(0.02511201, 1.20481700, 0.04960036);690
31.82;(0.02678515, 1.20803900, 0.04822945);691
31.84;(0.02755027, 1.20969300, 0.04755871);692
31.86;(0.02890303, 1.21288700, 0.04614978);693
31.88;(0.03014704, 1.21574400, 0.04464114);694
31.9;(0.03118192, 1.21823100, 0.04319288);695
31.92;(0.03205215, 1.22026200, 0.04182314);696
31.94;(0.03242447, 1.22108500, 0.04115475);697
31.96;(0.03301168, 1.22223400, 0.03993745);698
31.98;(0.03342497, 1.22267900, 0.03883463);699
32;(0.03396247, 1.22246400, 0.03774843);700
32.02;(0.03426711, 1.22203800, 0.03721743);701
32.04;(0.03485410, 1.22084900, 0.03615515);702
32.06;(0.03584590, 1.21884600, 0.03498380);703
32.08;(0.03719549, 1.21627700, 0.03370807);704
32.1;(0.03908179, 1.21337600, 0.03234285);705
32.12;(0.04159320, 1.21041300, 0.03098876);706
32.14;(0.04304254, 1.20894600, 0.03024752);707
32.16;(0.04620812, 1.20596800, 0.02860714);708
32.18;(0.04958830, 1.20316900, 0.02670957);709
32.2;(0.05300862, 1.20064100, 0.02458649);710
32.22;(0.05468225, 1.19950100, 0.02346146);711
32.24;(0.05802749, 1.19794400, 0.02108687);712
32.26;(0.06102900, 1.19722600, 0.01907337);713
32.28;(0.06368830, 1.19694500, 0.01692237);714
32.3;(0.06584204, 1.19725400, 0.01489426);715
32.32;(0.06752780, 1.19780100, 0.01326624);716
32.34;(0.06812093, 1.19826100, 0.01257880);717
32.36;(0.06918071, 1.19981900, 0.01147576);718
32.38;(0.07000209, 1.20161700, 0.01083305);719
32.4;(0.07066374, 1.20373000, 0.01064113);720
32.42;(0.07110272, 1.20483100, 0.01062236);721
32.44;(0.07215527, 1.20714800, 0.01049128);722
32.46;(0.07332427, 1.20914300, 0.01055086);723
32.48;(0.07442443, 1.21081800, 0.01074442);724
32.5;(0.07585329, 1.21244600, 0.01067159);725
32.52;(0.07676658, 1.21341100, 0.01064098);726
32.54;(0.07862372, 1.21465800, 0.01056441);727
32.56;(0.08030817, 1.21511900, 0.01044393);728
32.58;(0.08185631, 1.21551600, 0.01024397);729
32.6;(0.08342820, 1.21539500, 0.01026227);730
32.62;(0.08417238, 1.21503100, 0.01039781);731
32.64;(0.08546542, 1.21416700, 0.01060329);732
32.66;(0.08649167, 1.21270100, 0.01109229);733
32.68;(0.08722021, 1.21106600, 0.01169513);734
32.7;(0.08777869, 1.20915600, 0.01250189);735
32.72;(0.08792081, 1.20813000, 0.01310052);736
32.74;(0.08814154, 1.20602400, 0.01425638);737
32.76;(0.08839080, 1.20416500, 0.01559051);738
32.78;(0.08869580, 1.20225800, 0.01703089);739
32.8;(0.08893117, 1.20009500, 0.01856626);740
32.82;(0.08898990, 1.19907500, 0.01936147);741
32.84;(0.08926921, 1.19740000, 0.02074664);742
32.86;(0.08969937, 1.19601400, 0.02223654);743
32.88;(0.09009013, 1.19463700, 0.02351340);744
32.9;(0.09040704, 1.19355500, 0.02472833);745
32.92;(0.09061535, 1.19333500, 0.02540310);746
32.94;(0.09120341, 1.19320400, 0.02660239);747
32.96;(0.09170983, 1.19329600, 0.02757766);748
32.98;(0.09223002, 1.19374900, 0.02819582);749
33;(0.09302610, 1.19469100, 0.02856571);750
33.02;(0.09339082, 1.19517300, 0.02867683);751
33.04;(0.09409863, 1.19599900, 0.02888642);752
33.06;(0.09476098, 1.19700400, 0.02901744);753
33.08;(0.09545480, 1.19827700, 0.02934033);754
33.1;(0.09581325, 1.19887500, 0.02960527);755
33.12;(0.09639360, 1.19990300, 0.03015905);756
33.14;(0.09682602, 1.20069900, 0.03074515);757
33.16;(0.09720027, 1.20117500, 0.03129946);758
33.18;(0.09745245, 1.20161200, 0.03197610);759
33.2;(0.09768923, 1.20188800, 0.03262658);760
33.22;(0.09778495, 1.20191200, 0.03290646);761
33.24;(0.09791968, 1.20176100, 0.03335204);762
33.26;(0.09805512, 1.20139500, 0.03381813);763
33.28;(0.09820613, 1.20075100, 0.03418530);764
33.3;(0.09828485, 1.20036700, 0.03437232);765
33.32;(0.09849523, 1.19955700, 0.03463300);766
33.34;(0.09875997, 1.19867300, 0.03490552);767
33.36;(0.09906894, 1.19773300, 0.03501597);768
33.38;(0.09948525, 1.19690000, 0.03502071);769
33.4;(0.09972330, 1.19634600, 0.03494756);770
33.42;(0.10014520, 1.19519800, 0.03442781);771
33.44;(0.10060180, 1.19423500, 0.03391613);772
33.46;(0.10120740, 1.19348600, 0.03338254);773
33.48;(0.10153070, 1.19310000, 0.03316413);774
33.5;(0.10246560, 1.19207400, 0.03240829);775
33.52;(0.10285450, 1.19173600, 0.03214073);776
33.54;(0.10348070, 1.19131400, 0.03182349);777
33.56;(0.10408860, 1.19108000, 0.03141786);778
33.58;(0.10454550, 1.19102700, 0.03111129);779
33.6;(0.10479690, 1.19099700, 0.03091822);780
33.62;(0.10518420, 1.19114400, 0.03071950);781
33.64;(0.10550450, 1.19148500, 0.03042468);782
33.66;(0.10577720, 1.19189900, 0.03022623);783
33.68;(0.10602930, 1.19249600, 0.02989776);784
33.7;(0.10612770, 1.19280700, 0.02978211);785
33.72;(0.10635990, 1.19345700, 0.02932439);786
33.74;(0.10661440, 1.19417200, 0.02889290);787
33.76;(0.10691610, 1.19504400, 0.02833759);788
33.78;(0.10727530, 1.19565400, 0.02760933);789
33.8;(0.10739440, 1.19583400, 0.02726767);790
33.82;(0.10766620, 1.19618700, 0.02644915);791
33.84;(0.10798720, 1.19641700, 0.02565057);792
33.86;(0.10835660, 1.19631600, 0.02489856);793
33.88;(0.10869480, 1.19605600, 0.02412551);794
33.9;(0.10886380, 1.19585800, 0.02377508);795
33.92;(0.10916500, 1.19530600, 0.02314923);796
33.94;(0.10938630, 1.19468200, 0.02261097);797
33.96;(0.10954100, 1.19397500, 0.02204768);798
33.98;(0.10950720, 1.19331900, 0.02162534);799
34;(0.10951310, 1.19303000, 0.02144425);800
34.02;(0.10944960, 1.19251200, 0.02114998);801
34.04;(0.10931500, 1.19212600, 0.02090155);802
34.06;(0.10913830, 1.19174200, 0.02062211);803
34.08;(0.10897010, 1.19153900, 0.02052777);804
34.1;(0.10864690, 1.19138800, 0.02032302);805
34.12;(0.10834330, 1.19138500, 0.02020857);806
34.14;(0.10804070, 1.19123300, 0.01999473);807
34.16;(0.10752910, 1.19137900, 0.01974025);808
34.18;(0.10713890, 1.19170500, 0.01944844);809
34.2;(0.10701700, 1.19196100, 0.01934426);810
34.22;(0.10675420, 1.19245000, 0.01902355);811
34.24;(0.10639920, 1.19286400, 0.01859058);812
34.26;(0.10592410, 1.19327800, 0.01817599);813
34.28;(0.10569530, 1.19359800, 0.01795246);814
34.3;(0.10527830, 1.19427400, 0.01761376);815
34.32;(0.10478850, 1.19491200, 0.01743840);816
34.34;(0.10420520, 1.19536500, 0.01733433);817
34.36;(0.10352820, 1.19583500, 0.01729396);818
34.38;(0.10324750, 1.19612800, 0.01732413);819
34.4;(0.10273130, 1.19655400, 0.01750114);820
34.42;(0.10239810, 1.19686100, 0.01770391);821
34.44;(0.10190840, 1.19677800, 0.01769801);822
34.46;(0.10138380, 1.19640700, 0.01750511);823
34.48;(0.10120990, 1.19625300, 0.01735139);824
34.5;(0.10097870, 1.19592300, 0.01718476);825
34.52;(0.10083370, 1.19558800, 0.01678026);826
34.54;(0.10067480, 1.19501700, 0.01610542);827
34.56;(0.10056510, 1.19440500, 0.01514087);828
34.58;(0.10053010, 1.19416000, 0.01461259);829
34.6;(0.10044750, 1.19377800, 0.01357769);830
34.62;(0.10048120, 1.19355700, 0.01248029);831
34.64;(0.10059630, 1.19345500, 0.01151032);832
34.66;(0.10066390, 1.19350400, 0.01056102);833
34.68;(0.10071980, 1.19352900, 0.01006931);834
34.7;(0.10079900, 1.19371700, 0.00906289);835
34.72;(0.10075820, 1.19415200, 0.00827305);836
34.74;(0.10072200, 1.19479100, 0.00759928);837
34.76;(0.10034270, 1.19548900, 0.00710208);838
34.78;(0.10004990, 1.19582400, 0.00682700);839
34.8;(0.09934665, 1.19686200, 0.00629820);840
34.82;(0.09854820, 1.19815500, 0.00588010);841
34.84;(0.09763604, 1.19982100, 0.00541733);842
34.86;(0.09665889, 1.20198600, 0.00468455);843
34.88;(0.09617186, 1.20309000, 0.00426262);844
34.9;(0.09506278, 1.20517600, 0.00335383);845
34.92;(0.09380929, 1.20723800, 0.00221694);846
34.94;(0.09319838, 1.20838800, 0.00148884);847
34.96;(0.09127581, 1.21166700, -0.00091362);848
34.98;(0.09064448, 1.21262600, -0.00183012);849
35;(0.08946565, 1.21471200, -0.00410325);850
35.02;(0.08842695, 1.21654600, -0.00656450);851
35.04;(0.08719296, 1.21842100, -0.00902689);852
35.06;(0.08647665, 1.21930300, -0.01029425);853
35.08;(0.08522608, 1.22104700, -0.01323424);854
35.1;(0.08408117, 1.22283600, -0.01653178);855
35.12;(0.08292647, 1.22434700, -0.01990462);856
35.14;(0.08167636, 1.22591400, -0.02344929);857
35.16;(0.08108783, 1.22671600, -0.02519574);858
35.18;(0.08001792, 1.22804500, -0.02886648);859
35.2;(0.07895921, 1.22920900, -0.03261519);860
35.22;(0.07789895, 1.23030300, -0.03623084);861
35.24;(0.07688809, 1.23111200, -0.03976113);862
35.26;(0.07637730, 1.23154600, -0.04133818);863
35.28;(0.07515614, 1.23250100, -0.04416046);864
35.3;(0.07408659, 1.23317900, -0.04629434);865
35.32;(0.07295297, 1.23371400, -0.04768947);866
35.34;(0.07188925, 1.23396400, -0.04841388);867
35.36;(0.07142957, 1.23388100, -0.04857776);868
35.38;(0.07064658, 1.23337100, -0.04834622);869
35.4;(0.07012477, 1.23287200, -0.04775069);870
35.42;(0.07004062, 1.23258000, -0.04660556);871
35.44;(0.07013532, 1.23221100, -0.04539084);872
35.46;(0.07031627, 1.23183000, -0.04488084);873
35.48;(0.07085121, 1.23063500, -0.04406302);874
35.5;(0.07161109, 1.22905600, -0.04312234);875
35.52;(0.07246603, 1.22794800, -0.04259203);876
35.54;(0.07359784, 1.22676300, -0.04202194);877
35.56;(0.07421298, 1.22613500, -0.04165619);878
35.58;(0.07523615, 1.22473800, -0.04090420);879
35.6;(0.07610623, 1.22324100, -0.04008242);880
35.62;(0.07692739, 1.22253200, -0.03962931);881
35.64;(0.07743060, 1.22239100, -0.03945312);882
35.66;(0.07869871, 1.22188600, -0.03956717);883
35.68;(0.07893465, 1.22130400, -0.03966184);884
35.7;(0.07895542, 1.22028800, -0.03971783);885
35.72;(0.07890604, 1.21944600, -0.03966701);886
35.74;(0.07892879, 1.21861900, -0.03954553);887
35.76;(0.07894742, 1.21809900, -0.03945294);888
35.78;(0.07887339, 1.21694800, -0.03929542);889
35.8;(0.07866807, 1.21532700, -0.03928411);890
35.82;(0.07841728, 1.21384100, -0.03924371);891
35.84;(0.07838574, 1.21267400, -0.03922113);892
35.86;(0.07847807, 1.21210700, -0.03919368);893
35.88;(0.07854801, 1.21095900, -0.03910403);894
35.9;(0.07852176, 1.20999700, -0.03886735);895
35.92;(0.07825769, 1.20931900, -0.03846097);896
35.94;(0.07767416, 1.20882200, -0.03788082);897
35.96;(0.07726604, 1.20866800, -0.03752581);898
35.98;(0.07648779, 1.20837200, -0.03694239);899
36;(0.07559549, 1.20827100, -0.03617075);0
36.02;(0.07467456, 1.20814300, -0.03546676);1
36.04;(0.07417558, 1.20811500, -0.03512333);2
36.06;(0.07313596, 1.20799200, -0.03449468);3
36.08;(0.07216015, 1.20781100, -0.03414777);4
36.1;(0.07130965, 1.20760300, -0.03381624);5
36.12;(0.07045048, 1.20770000, -0.03363357);6
36.14;(0.07005741, 1.20767000, -0.03350164);7
36.16;(0.06926133, 1.20752700, -0.03345514);8
36.18;(0.06846987, 1.20744600, -0.03351549);9
36.2;(0.06771652, 1.20729900, -0.03354670);10
36.22;(0.06696678, 1.20721900, -0.03378893);11
36.24;(0.06661534, 1.20718200, -0.03394893);12
36.26;(0.06597455, 1.20706500, -0.03430926);13
36.28;(0.06528099, 1.20710300, -0.03489466);14
36.3;(0.06454763, 1.20702800, -0.03547711);15
36.32;(0.06381457, 1.20696800, -0.03620826);16
36.34;(0.06339880, 1.20694400, -0.03657730);17
36.36;(0.06254099, 1.20691600, -0.03736243);18
36.38;(0.06163753, 1.20678200, -0.03817814);19
36.4;(0.06068764, 1.20675200, -0.03903062);20
36.42;(0.06016424, 1.20672700, -0.03934800);21
36.44;(0.05853572, 1.20679900, -0.04044977);22
36.46;(0.05795410, 1.20689800, -0.04076161);23
36.48;(0.05668312, 1.20709800, -0.04127446);24
36.5;(0.05525810, 1.20739000, -0.04163120);25
36.52;(0.05370443, 1.20767000, -0.04177380);26
36.54;(0.05278881, 1.20789500, -0.04167991);27
36.56;(0.05068094, 1.20846000, -0.04135415);28
36.58;(0.04846115, 1.20904800, -0.04084910);29
36.6;(0.04586356, 1.20986400, -0.03990695);30
36.62;(0.04445013, 1.21030400, -0.03932007);31
36.64;(0.04153074, 1.21119000, -0.03809574);32
36.66;(0.03853330, 1.21197200, -0.03667414);33
36.68;(0.03534243, 1.21281800, -0.03508803);34
36.7;(0.03177121, 1.21349200, -0.03331773);35
36.72;(0.02810667, 1.21395200, -0.03165203);36
36.74;(0.02622225, 1.21417200, -0.03088136);37
36.76;(0.02252645, 1.21425400, -0.02933855);38
36.78;(0.01891392, 1.21421000, -0.02793515);39
36.8;(0.01554392, 1.21414300, -0.02669927);40
36.82;(0.01392977, 1.21402100, -0.02617826);41
36.84;(0.01096997, 1.21368700, -0.02538798);42
36.86;(0.00847019, 1.21367100, -0.02470437);43
36.88;(0.00635287, 1.21384300, -0.02396687);44
36.9;(0.00453955, 1.21405100, -0.02344803);45
36.92;(0.00373028, 1.21402300, -0.02322913);46
36.94;(0.00235877, 1.21415600, -0.02302578);47
36.96;(0.00125091, 1.21437000, -0.02286963);48
36.98;(0.00052350, 1.21456700, -0.02277943);49
37;(0.00007206, 1.21475900, -0.02278183);50
37.02;(-0.00005231, 1.21479100, -0.02285736);51
37.04;(-0.00011582, 1.21488900, -0.02291293);52
37.06;(-0.00046575, 1.21502300, -0.02283205);53
37.08;(-0.00020256, 1.21517800, -0.02282197);54
37.1;(0.00007138, 1.21531900, -0.02277860);55
37.12;(0.00023950, 1.21537200, -0.02275149);56
37.14;(0.00055813, 1.21543800, -0.02265954);57
37.16;(0.00082947, 1.21546600, -0.02252470);58
37.18;(0.00098404, 1.21549200, -0.02234009);59
37.2;(0.00099315, 1.21544600, -0.02217354);60
37.22;(0.00097566, 1.21543200, -0.02207837);61
37.24;(0.00090007, 1.21544600, -0.02187284);62
37.26;(0.00077324, 1.21552700, -0.02161316);63
37.28;(0.00060511, 1.21564500, -0.02132051);64
37.3;(0.00022295, 1.21576700, -0.02099153);65
37.32;(-0.00008071, 1.21576600, -0.02078330);66
37.34;(-0.00097767, 1.21566700, -0.02030022);67
37.36;(-0.00175064, 1.21559100, -0.01971475);68
37.38;(-0.00253103, 1.21555900, -0.01915058);69
37.4;(-0.00342896, 1.21539800, -0.01853053);70
37.42;(-0.00393772, 1.21536200, -0.01822311);71
37.44;(-0.00490433, 1.21527000, -0.01767121);72
37.46;(-0.00586084, 1.21516700, -0.01710780);73
37.48;(-0.00682742, 1.21511100, -0.01653366);74
37.5;(-0.00780925, 1.21492100, -0.01591712);75
37.52;(-0.00838800, 1.21481200, -0.01566629);76
37.54;(-0.00953384, 1.21457200, -0.01519861);77
37.56;(-0.01070609, 1.21426600, -0.01463254);78
37.58;(-0.01193941, 1.21399500, -0.01407736);79
37.6;(-0.01249448, 1.21378300, -0.01374386);80
37.62;(-0.01367597, 1.21336100, -0.01321686);81
37.64;(-0.01486040, 1.21299700, -0.01274674);82
37.66;(-0.01602109, 1.21262400, -0.01231176);83
37.68;(-0.01696531, 1.21224900, -0.01193914);84
37.7;(-0.01799624, 1.21200100, -0.01150374);85
37.72;(-0.01843347, 1.21185100, -0.01125504);86
37.74;(-0.01915263, 1.21157100, -0.01077401);87
37.76;(-0.01953540, 1.21130900, -0.01040863);88
37.78;(-0.01985845, 1.21099800, -0.00995677);89
37.8;(-0.01992997, 1.21085800, -0.00975699);90
37.82;(-0.01987389, 1.21046600, -0.00947986);91
37.84;(-0.01968443, 1.21003000, -0.00934719);92
37.86;(-0.01924866, 1.20958700, -0.00926916);93
37.88;(-0.01850872, 1.20911100, -0.00928543);94
37.9;(-0.01762607, 1.20871000, -0.00939016);95
37.92;(-0.01712972, 1.20853900, -0.00954316);96
37.94;(-0.01614530, 1.20814100, -0.00980202);97
37.96;(-0.01502090, 1.20779300, -0.01028267);98
37.98;(-0.01386774, 1.20756500, -0.01069134);99
38;(-0.01325347, 1.20745300, -0.01099338);100
38.02;(-0.01204546, 1.20732300, -0.01160257);101
38.04;(-0.01096485, 1.20734200, -0.01227346);102
38.06;(-0.00998210, 1.20736100, -0.01302543);103
38.08;(-0.00916777, 1.20745600, -0.01371934);104
38.1;(-0.00877539, 1.20752500, -0.01402341);105
38.12;(-0.00809757, 1.20767300, -0.01463615);106
38.14;(-0.00764890, 1.20769100, -0.01520312);107
38.16;(-0.00738677, 1.20791100, -0.01585236);108
38.18;(-0.00736590, 1.20819700, -0.01648147);109
38.2;(-0.00756953, 1.20838000, -0.01668284);110
38.22;(-0.00800469, 1.20889100, -0.01705653);111
38.24;(-0.00853190, 1.20917900, -0.01702549);112
38.26;(-0.00915003, 1.20931100, -0.01701494);113
38.28;(-0.00989027, 1.20944300, -0.01686789);114
38.3;(-0.01027852, 1.20940700, -0.01675641);115
38.32;(-0.01111319, 1.20921500, -0.01659843);116
38.34;(-0.01191120, 1.20889600, -0.01638711);117
38.36;(-0.01271928, 1.20834100, -0.01608850);118
38.38;(-0.01344255, 1.20784500, -0.01576650);119
38.4;(-0.01383592, 1.20762100, -0.01569692);120
38.42;(-0.01490885, 1.20711200, -0.01547192);121
38.44;(-0.01578137, 1.20673000, -0.01527173);122
38.46;(-0.01639909, 1.20672900, -0.01490779);123
38.48;(-0.01694995, 1.20686700, -0.01440612);124
38.5;(-0.01714179, 1.20711800, -0.01423474);125
38.52;(-0.01750946, 1.20722200, -0.01365756);126
38.54;(-0.01785560, 1.20730500, -0.01323810);127
38.56;(-0.01800072, 1.20752500, -0.01281247);128
38.58;(-0.01798305, 1.20769800, -0.01254891);129
38.6;(-0.01790094, 1.20795200, -0.01209107);130
38.62;(-0.01765997, 1.20811100, -0.01157966);131
38.64;(-0.01732965, 1.20845900, -0.01105427);132
38.66;(-0.01698645, 1.20865400, -0.01044339);133
38.68;(-0.01664318, 1.20871800, -0.00986019);134
38.7;(-0.01651304, 1.20862700, -0.00955547);135
38.72;(-0.01611888, 1.20846700, -0.00900662);136
38.74;(-0.01581157, 1.20822500, -0.00843604);137
38.76;(-0.01537284, 1.20776100, -0.00793348);138
38.78;(-0.01517220, 1.20746400, -0.00768958);139
38.8;(-0.01496705, 1.20688900, -0.00728629);140
38.82;(-0.01471043, 1.20633000, -0.00696395);141
38.84;(-0.01457511, 1.20575300, -0.00653194);142
38.86;(-0.01440836, 1.20514300, -0.00607787);143
38.88;(-0.01436131, 1.20485700, -0.00588037);144
38.9;(-0.01437311, 1.20435700, -0.00544316);145
38.92;(-0.01451995, 1.20399900, -0.00508838);146
38.94;(-0.01458139, 1.20363200, -0.00482997);147
38.96;(-0.01479629, 1.20333100, -0.00457902);148
38.98;(-0.01491131, 1.20316400, -0.00442819);149
39;(-0.01503294, 1.20287300, -0.00411016);150
39.02;(-0.01523172, 1.20284800, -0.00383300);151
39.04;(-0.01537166, 1.20301400, -0.00360780);152
39.06;(-0.01543703, 1.20319500, -0.00343722);153
39.08;(-0.01540009, 1.20330600, -0.00338449);154
39.1;(-0.01526184, 1.20360800, -0.00333012);155
39.12;(-0.01508209, 1.20405700, -0.00330432);156
39.14;(-0.01480500, 1.20451700, -0.00338286);157
39.16;(-0.01433257, 1.20515800, -0.00370988);158
39.18;(-0.01418260, 1.20556100, -0.00380659);159
39.2;(-0.01383033, 1.20621500, -0.00403722);160
39.22;(-0.01346461, 1.20677500, -0.00436045);161
39.24;(-0.01308163, 1.20720000, -0.00480416);162
39.26;(-0.01287126, 1.20743600, -0.00500034);163
39.28;(-0.01246421, 1.20780700, -0.00535706);164
39.3;(-0.01206402, 1.20817500, -0.00563222);165
39.32;(-0.01160873, 1.20831000, -0.00585076);166
39.34;(-0.01117693, 1.20832800, -0.00610762);167
39.36;(-0.01088838, 1.20828500, -0.00627247);168
39.38;(-0.01038507, 1.20811600, -0.00651763);169
39.4;(-0.00996226, 1.20800900, -0.00674942);170
39.42;(-0.00955062, 1.20795700, -0.00686885);171
39.44;(-0.00910896, 1.20806000, -0.00695305);172
39.46;(-0.00869773, 1.20807100, -0.00695203);173
39.48;(-0.00850624, 1.20802300, -0.00702408);174
39.5;(-0.00811908, 1.20799300, -0.00688545);175
39.52;(-0.00773758, 1.20803000, -0.00670722);176
39.54;(-0.00739880, 1.20808100, -0.00642025);177
39.56;(-0.00710739, 1.20813200, -0.00596105);178
39.58;(-0.00696617, 1.20815600, -0.00569006);179
39.6;(-0.00684709, 1.20842000, -0.00494924);180
39.62;(-0.00690124, 1.20868500, -0.00415092);181
39.64;(-0.00691034, 1.20881000, -0.00342166);182
39.66;(-0.00692332, 1.20886700, -0.00305621);183
39.68;(-0.00700626, 1.20897700, -0.00231090);184
39.7;(-0.00714340, 1.20890500, -0.00152849);185
39.72;(-0.00742642, 1.20863800, -0.00060541);186
39.74;(-0.00777730, 1.20878500, 0.00028189);187
39.76;(-0.00798992, 1.20880700, 0.00081759);188
39.78;(-0.00851922, 1.20878800, 0.00184960);189
39.8;(-0.00901663, 1.20878200, 0.00279519);190
39.82;(-0.00954766, 1.20879300, 0.00378038);191
39.84;(-0.01004692, 1.20874900, 0.00478333);192
39.86;(-0.01027410, 1.20878000, 0.00520669);193
39.88;(-0.01066917, 1.20865200, 0.00619204);194
39.9;(-0.01092225, 1.20854600, 0.00714798);195
39.92;(-0.01116672, 1.20852500, 0.00809828);196
39.94;(-0.01136873, 1.20836500, 0.00898327);197
39.96;(-0.01143574, 1.20827400, 0.00938714);198
39.98;(-0.01155459, 1.20801800, 0.01021475);199
40;(-0.01148085, 1.20790300, 0.01103612);200
40.02;(-0.01159995, 1.20774600, 0.01190781);201
40.04;(-0.01176849, 1.20768400, 0.01273365);202
40.06;(-0.01181324, 1.20754700, 0.01317658);203
40.08;(-0.01200481, 1.20733300, 0.01394726);204
40.1;(-0.01222179, 1.20719800, 0.01468954);205
40.12;(-0.01249099, 1.20707000, 0.01536681);206
40.14;(-0.01280391, 1.20696800, 0.01605353);207
40.16;(-0.01294491, 1.20688000, 0.01634319);208
40.18;(-0.01328721, 1.20679300, 0.01701921);209
40.2;(-0.01350151, 1.20677300, 0.01766250);210
40.22;(-0.01363523, 1.20672400, 0.01826897);211
40.24;(-0.01359929, 1.20657900, 0.01875888);212
40.26;(-0.01359912, 1.20655500, 0.01895284);213
40.28;(-0.01357143, 1.20653700, 0.01931752);214
40.3;(-0.01355293, 1.20650200, 0.01981762);215
40.32;(-0.01324801, 1.20653200, 0.02003898);216
40.34;(-0.01281738, 1.20658900, 0.02013460);217
40.36;(-0.01255847, 1.20668300, 0.02016727);218
40.38;(-0.01181280, 1.20722600, 0.02015158);219
40.4;(-0.01124189, 1.20769900, 0.02016957);220
40.42;(-0.01066543, 1.20823100, 0.02010900);221
40.44;(-0.01024635, 1.20882600, 0.01994771);222
40.46;(-0.00995049, 1.20908700, 0.01983969);223
40.48;(-0.00936297, 1.20978400, 0.01956175);224
40.5;(-0.00870651, 1.21087300, 0.01911150);225
40.52;(-0.00796893, 1.21202600, 0.01862490);226
40.54;(-0.00761282, 1.21260200, 0.01838469);227
40.56;(-0.00660490, 1.21418900, 0.01767484);228
40.58;(-0.00514098, 1.21621500, 0.01671614);229
40.6;(-0.00334554, 1.21817700, 0.01542851);230
40.62;(-0.00132754, 1.22057300, 0.01358824);231
40.64;(-0.00036811, 1.22210700, 0.01248886);232
40.66;(0.00162290, 1.22483800, 0.01013595);233
40.68;(0.00332638, 1.22696900, 0.00696363);234
40.7;(0.00479238, 1.22875900, 0.00392573);235
40.72;(0.00632792, 1.23022400, 0.00070664);236
40.74;(0.00708109, 1.23086900, -0.00080979);237
40.76;(0.00836996, 1.23201800, -0.00376109);238
40.78;(0.00933113, 1.23304400, -0.00634542);239
40.8;(0.01016111, 1.23374900, -0.00845138);240
40.82;(0.01098883, 1.23410300, -0.01010035);241
40.84;(0.01141743, 1.23417200, -0.01074661);242
40.86;(0.01221079, 1.23415300, -0.01179552);243
40.88;(0.01277766, 1.23408000, -0.01245230);244
40.9;(0.01343895, 1.23394300, -0.01266412);245
40.92;(0.01388346, 1.23383400, -0.01259409);246
40.94;(0.01493786, 1.23332600, -0.01231985);247
40.96;(0.01627345, 1.23268200, -0.01189445);248
40.98;(0.01786050, 1.23186000, -0.01137403);249
41;(0.01969611, 1.23102900, -0.01089248);250
41.02;(0.02182031, 1.23035300, -0.01055402);251
41.04;(0.02302296, 1.23006600, -0.01051719);252
41.06;(0.02558860, 1.22990800, -0.01086740);253
41.08;(0.02843605, 1.22992700, -0.01147628);254
41.1;(0.03146069, 1.22991500, -0.01261714);255
41.12;(0.03495651, 1.23004000, -0.01440689);256
41.14;(0.03672525, 1.23020600, -0.01553649);257
41.16;(0.04017299, 1.23024500, -0.01798216);258
41.18;(0.04317853, 1.23013800, -0.02080584);259
41.2;(0.04619410, 1.23019800, -0.02368964);260
41.22;(0.04910654, 1.23028700, -0.02672879);261
41.24;(0.05038596, 1.23013300, -0.02816905);262
41.26;(0.05253502, 1.22976100, -0.03107418);263
41.28;(0.05418738, 1.22913200, -0.03371574);264
41.3;(0.05550648, 1.22837300, -0.03607228);265
41.32;(0.05604598, 1.22792800, -0.03713354);266
41.34;(0.05706142, 1.22698100, -0.03898077);267
41.36;(0.05818248, 1.22585700, -0.04065144);268
41.38;(0.05919921, 1.22452400, -0.04207259);269
41.4;(0.06018986, 1.22313800, -0.04350258);270
41.42;(0.06083516, 1.22224200, -0.04415829);271
41.44;(0.06213886, 1.22038900, -0.04562455);272
41.46;(0.06346866, 1.21873000, -0.04710551);273
41.48;(0.06472768, 1.21739200, -0.04856680);274
41.5;(0.06594170, 1.21640100, -0.04993761);275
41.52;(0.06657340, 1.21593300, -0.05057643);276
41.54;(0.06764205, 1.21491700, -0.05199555);277
41.56;(0.06842572, 1.21410600, -0.05333390);278
41.58;(0.06902351, 1.21334600, -0.05447141);279
41.6;(0.06932887, 1.21276900, -0.05542970);280
41.62;(0.06937343, 1.21271900, -0.05571770);281
41.64;(0.06945338, 1.21255700, -0.05635909);282
41.66;(0.06930993, 1.21247800, -0.05684282);283
41.68;(0.06880575, 1.21228200, -0.05700493);284
41.7;(0.06810504, 1.21214300, -0.05703913);285
41.72;(0.06773587, 1.21215700, -0.05695783);286
41.74;(0.06705379, 1.21246400, -0.05649431);287
41.76;(0.06648506, 1.21264100, -0.05607236);288
41.78;(0.06580817, 1.21249900, -0.05548821);289
41.8;(0.06496367, 1.21208600, -0.05488755);290
41.82;(0.06454892, 1.21184100, -0.05453072);291
41.84;(0.06376097, 1.21147700, -0.05398725);292
41.86;(0.06313338, 1.21127900, -0.05353600);293
41.88;(0.06235977, 1.21115000, -0.05275994);294
41.9;(0.06142053, 1.21090600, -0.05207779);295
41.92;(0.06086548, 1.21079900, -0.05166134);296
41.94;(0.05969246, 1.21056800, -0.05079070);297
41.96;(0.05836632, 1.21053400, -0.04990873);298
41.98;(0.05692768, 1.21061900, -0.04885083);299
42;(0.05522325, 1.21071000, -0.04760886);300
42.02;(0.05427682, 1.21076700, -0.04690752);301
42.04;(0.05223084, 1.21098100, -0.04545722);302
42.06;(0.04986729, 1.21111500, -0.04360512);303
42.08;(0.04715640, 1.21120100, -0.04160923);304
42.1;(0.04421315, 1.21129300, -0.03971948);305
42.12;(0.04267073, 1.21145100, -0.03865552);306
42.14;(0.03938079, 1.21155400, -0.03643130);307
42.16;(0.03570985, 1.21158800, -0.03438821);308
42.18;(0.03201207, 1.21203200, -0.03246740);309
42.2;(0.03015271, 1.21210300, -0.03135014);310
42.22;(0.02599088, 1.21256700, -0.02917651);311
42.24;(0.02170329, 1.21287900, -0.02728415);312
42.26;(0.01713960, 1.21328300, -0.02533850);313
42.28;(0.01238067, 1.21389900, -0.02337313);314
42.3;(0.00988829, 1.21419600, -0.02239165);315
42.32;(0.00475582, 1.21463000, -0.02076971);316
42.34;(-0.00028344, 1.21522500, -0.01947267);317
42.36;(-0.00524387, 1.21591900, -0.01832905);318
42.38;(-0.00996145, 1.21645600, -0.01741229);319
42.4;(-0.01221924, 1.21707800, -0.01700359);320
42.42;(-0.01626947, 1.21767800, -0.01610389);321
42.44;(-0.02010357, 1.21799600, -0.01547734);322
42.46;(-0.02335318, 1.21835700, -0.01510984);323
42.48;(-0.02592469, 1.21852800, -0.01461516);324
42.5;(-0.02711766, 1.21858800, -0.01436177);325
42.52;(-0.02907343, 1.21856100, -0.01387806);326
42.54;(-0.03058921, 1.21855000, -0.01339301);327
42.56;(-0.03160470, 1.21848000, -0.01297243);328
42.58;(-0.03246270, 1.21831100, -0.01254737);329
42.6;(-0.03277551, 1.21822900, -0.01236421);330
